"id","tu","name","anzahl_ausfaelle","id_vmkat","vmkat","anzahl_linien","anzahl_linien_buendel","anzahl_halte"
1,PAG, PostAuto Schweiz AG,462230,"1",Bus - Überland/Berg,493,80,"1-2 Haltestellen"
2,TL, Transports Publics de la Région Lausannoise sa,192330,"2",Bus - Agglomeration,10,3,"14-21 Haltestellen"
3,PAG, PostAuto Schweiz AG,86070,"1",Bus - Überland/Berg,336,81,"14-21 Haltestellen"
4,PAG, PostAuto Schweiz AG,85848,"1",Bus - Überland/Berg,446,82,"7-13 Haltestellen"
5,TL, Transports Publics de la Région Lausannoise sa,68692,"2",Bus - Agglomeration,14,3,"7-13 Haltestellen"
6,PAG, PostAuto Schweiz AG,57333,"1",Bus - Überland/Berg,476,77,"3-6 Haltestellen"
7,PAG, PostAuto Schweiz AG,47051,"1",Bus - Überland/Berg,166,66,"22-39 Haltestellen"
8,VMCV, VMCV SA,45905,"1",Bus - Überland/Berg,1,1,"40+ Haltestellen"
9,SBB, Schweizerische Bundesbahnen SBB,36276,"4",Bahn - Überland/Regionalverkehr,86,16,"7-13 Haltestellen"
10,TPG, Transports publics genevois (TPG),34617,"2",Bus - Agglomeration,17,3,"22-39 Haltestellen"
11,SBB, Schweizerische Bundesbahnen SBB,29993,"4",Bahn - Überland/Regionalverkehr,84,16,"3-6 Haltestellen"
12,BOS, BUS Ostschweiz AG,24833,"1",Bus - Überland/Berg,27,5,"7-13 Haltestellen"
13,BOGG, Busbetrieb Olten Gösgen Gäu AG,22939,"2",Bus - Agglomeration,9,2,"14-21 Haltestellen"
14,VBD, Landschaft Davos,22535,"1",Bus - Überland/Berg,3,1,"7-13 Haltestellen"
15,TRN, Transports Publics Neuchâtelois SA,19974,"1",Bus - Überland/Berg,10,3,"3-6 Haltestellen"
16,TMR, TMR Transports de Martigny et Régions SA,17811,"1",Bus - Überland/Berg,7,2,"7-13 Haltestellen"
17,AB, Appenzeller Bahnen AG,17562,"3",Bahn - Überland/Berg,5,2,"3-6 Haltestellen"
18,SVB, Städtische Verkehrsbetriebe Bern (SVB),16917,"2",Bus - Agglomeration,30,3,"7-13 Haltestellen"
19,TL, Transports Publics de la Région Lausannoise sa,16557,"2",Bus - Agglomeration,7,2,"22-39 Haltestellen"
20,RBS, Regionalverkehr Bern-Solothurn AG,15869,"2",Bus - Agglomeration,21,5,"3-6 Haltestellen"
21,VBZ, Stadt Zürich,15642,"1",Bus - Überland/Berg,10,3,"14-21 Haltestellen"
22,TMR, TMR Transports de Martigny et Régions SA,14811,"1",Bus - Überland/Berg,6,2,"3-6 Haltestellen"
23,BOS, BUS Ostschweiz AG,14487,"1",Bus - Überland/Berg,10,5,"22-39 Haltestellen"
24,BOS, BUS Ostschweiz AG,14323,"1",Bus - Überland/Berg,25,5,"14-21 Haltestellen"
25,RBS, Regionalverkehr Bern-Solothurn AG,13716,"2",Bus - Agglomeration,21,4,"7-13 Haltestellen"
26,MBC, Transports de la région Morges-Bière-Cossonay SA,13607,"3",Bahn - Überland/Berg,9,2,"7-13 Haltestellen"
27,TMR, TMR Transports de Martigny et Régions SA,13448,"1",Bus - Überland/Berg,2,1,"14-21 Haltestellen"
28,VBSH, Stadt Schaffhausen,12766,"1",Bus - Überland/Berg,5,1,"3-6 Haltestellen"
29,VMCV, VMCV SA,12328,"1",Bus - Überland/Berg,4,1,"14-21 Haltestellen"
30,BLAG, Busland AG,11665,"1",Bus - Überland/Berg,15,2,"14-21 Haltestellen"
31,VZO, Verkehrsbetriebe Zürichsee und Oberland (VZO) AG,11503,"2",Bus - Agglomeration,13,3,"14-21 Haltestellen"
32,SBB, Schweizerische Bundesbahnen SBB,11426,"4",Bahn - Überland/Regionalverkehr,62,16,"14-21 Haltestellen"
33,MBC, Transports de la région Morges-Bière-Cossonay SA,11074,"3",Bahn - Überland/Berg,7,2,"14-21 Haltestellen"
34,SVB, Städtische Verkehrsbetriebe Bern (SVB),10944,"2",Bus - Agglomeration,22,3,"14-21 Haltestellen"
35,SZU, Sihltal Zürich Uetliberg Bahn SZU AG,10751,"1",Bus - Überland/Berg,8,2,"7-13 Haltestellen"
36,VZO, Verkehrsbetriebe Zürichsee und Oberland (VZO) AG,10104,"2",Bus - Agglomeration,21,3,"7-13 Haltestellen"
37,ABG, Alsa Bustours Gex S.A.S,9397,"1",Bus - Überland/Berg,2,1,"7-13 Haltestellen"
38,STI, STI Bus AG,8922,"1",Bus - Überland/Berg,24,2,"7-13 Haltestellen"
39,TRAVYS, TRAVYS - Transports Vallée-de-Joux - Yverdon-les-B,8702,"1",Bus - Überland/Berg,7,3,"7-13 Haltestellen"
40,BLAG, Busland AG,8660,"1",Bus - Überland/Berg,16,2,"7-13 Haltestellen"
41,VB, Verkehrsbetriebe Biel,8482,"1",Bus - Überland/Berg,9,1,"14-21 Haltestellen"
42,VB, Verkehrsbetriebe Biel,8383,"1",Bus - Überland/Berg,5,1,"22-39 Haltestellen"
43,BLT, BLT Baselland Transport AG,8293,"1",Bus - Überland/Berg,12,3,"14-21 Haltestellen"
44,TRAVYS, TRAVYS - Transports Vallée-de-Joux - Yverdon-les-B,8232,"1",Bus - Überland/Berg,6,2,"3-6 Haltestellen"
45,ABG, Alsa Bustours Gex S.A.S,7590,"1",Bus - Überland/Berg,1,1,"14-21 Haltestellen"
46,AVA, Aargau Verkehr AG,7583,"1",Bus - Überland/Berg,10,4,"14-21 Haltestellen"
47,VBSG, Stadt St. Gallen,7418,"2",Bus - Agglomeration,9,4,"22-39 Haltestellen"
48,VBZ, Stadt Zürich,7378,"1",Bus - Überland/Berg,3,1,"22-39 Haltestellen"
49,TRN, Transports Publics Neuchâtelois SA,7267,"1",Bus - Überland/Berg,9,3,"7-13 Haltestellen"
50,TPG, Transports publics genevois (TPG),6995,"2",Bus - Agglomeration,16,3,"3-6 Haltestellen"
51,VBZ, Stadt Zürich,6761,"1",Bus - Überland/Berg,18,3,"7-13 Haltestellen"
52,NStCM, Compagnie du chemin de fer Nyon-St-Cergue-Morez SA,6689,"3",Bahn - Überland/Berg,1,1,"14-21 Haltestellen"
53,AVJ, Société anonyme des auto-transports de la Vallée d,6585,"1",Bus - Überland/Berg,1,1,"14-21 Haltestellen"
54,BLS, BLS AG,6551,"4",Bahn - Überland/Regionalverkehr,27,5,"7-13 Haltestellen"
55,SVB, Städtische Verkehrsbetriebe Bern (SVB),6452,"2",Bus - Agglomeration,13,3,"22-39 Haltestellen"
56,ZVB, Zugerland Verkehrsbetriebe AG,6445,"1",Bus - Überland/Berg,13,3,"14-21 Haltestellen"
57,BOS, BUS Ostschweiz AG,6372,"1",Bus - Überland/Berg,14,4,"3-6 Haltestellen"
58,VBG, VBG Verkehrsbetriebe Glattal AG,6206,"1",Bus - Überland/Berg,7,3,"14-21 Haltestellen"
59,AMSA, Autolinea Mendrisiense SA,6187,"1",Bus - Überland/Berg,4,1,"22-39 Haltestellen"
60,AAGR, Auto AG Rothenburg,6058,"2",Bus - Agglomeration,3,1,"14-21 Haltestellen"
61,TPL, TRASPORTI PUBBLICI LUGANESI SA (TPL),6021,"1",Bus - Überland/Berg,5,1,"22-39 Haltestellen"
62,TPN, TPN Transports publics de la Région Nyonnaise SA,5951,"1",Bus - Überland/Berg,3,1,"7-13 Haltestellen"
63,ZVB, Zugerland Verkehrsbetriebe AG,5827,"1",Bus - Überland/Berg,20,3,"7-13 Haltestellen"
64,TPN, TPN Transports publics de la Région Nyonnaise SA,5556,"1",Bus - Überland/Berg,3,1,"14-21 Haltestellen"
65,REGO, Regiobus (St. Gallen),5453,"1",Bus - Überland/Berg,6,1,"14-21 Haltestellen"
66,SVB, Städtische Verkehrsbetriebe Bern (SVB),5385,"2",Bus - Agglomeration,33,3,"3-6 Haltestellen"
67,VBG, VBG Verkehrsbetriebe Glattal AG,5355,"1",Bus - Überland/Berg,18,3,"7-13 Haltestellen"
68,LEB, Compagnie du chemin de fer Lausanne-Echallens-Berc,5316,"3",Bahn - Überland/Berg,1,1,"14-21 Haltestellen"
69,TPG, Transports publics genevois (TPG),5316,"2",Bus - Agglomeration,15,3,"1-2 Haltestellen"
70,BOS, BUS Ostschweiz AG,5040,"1",Bus - Überland/Berg,3,2,"1-2 Haltestellen"
71,VBSG, Stadt St. Gallen,5013,"2",Bus - Agglomeration,12,4,"14-21 Haltestellen"
72,BOGG, Busbetrieb Olten Gösgen Gäu AG,4983,"2",Bus - Agglomeration,10,2,"7-13 Haltestellen"
73,TPF, Transports publics fribourgeois SA,4980,"1",Bus - Überland/Berg,34,9,"14-21 Haltestellen"
74,ARL, Società Autolinee Regionali Luganesi,4947,"1",Bus - Überland/Berg,1,1,"0 Haltestellen"
75,ARL, Società Autolinee Regionali Luganesi,4947,"1",Bus - Überland/Berg,1,1,"1-2 Haltestellen"
76,AVJ, Société anonyme des auto-transports de la Vallée d,4865,"1",Bus - Überland/Berg,1,1,"7-13 Haltestellen"
77,BLT, BLT Baselland Transport AG,4864,"1",Bus - Überland/Berg,7,3,"22-39 Haltestellen"
78,TPF, Transports publics fribourgeois SA,4834,"1",Bus - Überland/Berg,44,10,"7-13 Haltestellen"
79,TRN, Transports Publics Neuchâtelois SA,4699,"1",Bus - Überland/Berg,10,3,"1-2 Haltestellen"
80,TPF, Transports publics fribourgeois SA,4575,"1",Bus - Überland/Berg,15,6,"22-39 Haltestellen"
81,BSU, Busbetrieb Solothurn und Umgebung AG,4519,"2",Bus - Agglomeration,10,2,"7-13 Haltestellen"
82,TPC, Transports Publics du Chablais SA,4491,"1",Bus - Überland/Berg,6,1,"7-13 Haltestellen"
83,TRAVYS, TRAVYS - Transports Vallée-de-Joux - Yverdon-les-B,4398,"1",Bus - Überland/Berg,3,1,"22-39 Haltestellen"
84,BGU, BGU Busbetrieb Grenchen und Umgebung AG,4325,"2",Bus - Agglomeration,10,2,"14-21 Haltestellen"
85,VBSH, Stadt Schaffhausen,4218,"1",Bus - Überland/Berg,3,1,"22-39 Haltestellen"
86,TPC, Transports Publics du Chablais SA,4203,"1",Bus - Überland/Berg,5,1,"14-21 Haltestellen"
87,VBL, Verkehrsbetriebe Luzern AG,4014,"2",Bus - Agglomeration,1,1,"22-39 Haltestellen"
88,BSU, Busbetrieb Solothurn und Umgebung AG,3991,"2",Bus - Agglomeration,8,2,"14-21 Haltestellen"
89,FLP, Ferrovie Luganesi SA,3966,"4",Bahn - Agglomeration,1,1,"3-6 Haltestellen"
90,BuS, Bus und Service AG,3953,"1",Bus - Überland/Berg,3,1,"14-21 Haltestellen"
91,BuS, Bus und Service AG,3951,"1",Bus - Überland/Berg,3,1,"22-39 Haltestellen"
92,RA, REGIONALPS SA ,3943,"4",Bahn - Überland/Regionalverkehr,4,2,"3-6 Haltestellen"
93,SBG, SBG SüdbadenBus GmbH,3924,"1",Bus - Überland/Berg,1,1,"7-13 Haltestellen"
94,MGB, Matterhorn Gotthard Verkehrs AG,3872,"3",Bahn - Überland/Berg,3,1,"1-2 Haltestellen"
95,TL, Transports Publics de la Région Lausannoise sa,3806,"2",Bus - Agglomeration,9,3,"1-2 Haltestellen"
96,VBG, VBG Verkehrsbetriebe Glattal AG,3741,"1",Bus - Überland/Berg,20,3,"3-6 Haltestellen"
97,RBS, Regionalverkehr Bern-Solothurn AG,3719,"2",Bus - Agglomeration,12,4,"14-21 Haltestellen"
98,MBC, Transports de la région Morges-Bière-Cossonay SA,3700,"3",Bahn - Überland/Berg,7,2,"3-6 Haltestellen"
99,BLS, BLS AG,3544,"4",Bahn - Überland/Regionalverkehr,30,5,"3-6 Haltestellen"
100,VBG, VBG Verkehrsbetriebe Glattal AG,3478,"1",Bus - Überland/Berg,20,3,"1-2 Haltestellen"
101,BVB, Basler Verkehrs-Betriebe,3466,"2",Bus - Agglomeration,2,2,"22-39 Haltestellen"
102,TRAVYS, TRAVYS - Transports Vallée-de-Joux - Yverdon-les-B,3417,"1",Bus - Überland/Berg,4,1,"14-21 Haltestellen"
103,FLP, Ferrovie Luganesi SA,3398,"4",Bahn - Agglomeration,1,1,"7-13 Haltestellen"
104,AAGR, Auto AG Rothenburg,3388,"2",Bus - Agglomeration,2,1,"22-39 Haltestellen"
105,BVB, Basler Verkehrs-Betriebe,3379,"2",Bus - Agglomeration,3,2,"7-13 Haltestellen"
106,TPG, Transports publics genevois (TPG),3331,"2",Bus - Agglomeration,16,3,"14-21 Haltestellen"
107,VZO, Verkehrsbetriebe Zürichsee und Oberland (VZO) AG,3222,"2",Bus - Agglomeration,22,3,"3-6 Haltestellen"
108,TPL, TRASPORTI PUBBLICI LUGANESI SA (TPL),3206,"1",Bus - Überland/Berg,3,1,"7-13 Haltestellen"
109,TPL, TRASPORTI PUBBLICI LUGANESI SA (TPL),3182,"1",Bus - Überland/Berg,1,1,"1-2 Haltestellen"
110,AB, Appenzeller Bahnen AG,3179,"3",Bahn - Überland/Berg,6,2,"7-13 Haltestellen"
111,TL, Transports Publics de la Région Lausannoise sa,3118,"2",Bus - Agglomeration,11,3,"3-6 Haltestellen"
112,VB, Verkehrsbetriebe Biel,3105,"1",Bus - Überland/Berg,10,1,"7-13 Haltestellen"
113,RBS, Regionalverkehr Bern-Solothurn AG,3050,"2",Bus - Agglomeration,15,5,"1-2 Haltestellen"
114,BSU, Busbetrieb Solothurn und Umgebung AG,2985,"2",Bus - Agglomeration,7,2,"22-39 Haltestellen"
115,VMCV, VMCV SA,2948,"1",Bus - Überland/Berg,1,1,"22-39 Haltestellen"
116,BLAG, Busland AG,2887,"1",Bus - Überland/Berg,6,2,"22-39 Haltestellen"
117,SBB, Schweizerische Bundesbahnen SBB,2886,"4",Bahn - Überland/Regionalverkehr,25,11,"22-39 Haltestellen"
118,SMC, Compagnie de Chemin de Fer et d'Autobus Sierre-Mon,2878,"1",Bus - Überland/Berg,2,1,"22-39 Haltestellen"
119,SZU, Sihltal Zürich Uetliberg Bahn SZU AG,2876,"1",Bus - Überland/Berg,8,2,"3-6 Haltestellen"
120,ZVB, Zugerland Verkehrsbetriebe AG,2864,"1",Bus - Überland/Berg,3,3,"22-39 Haltestellen"
121,AAGS, Auto AG Schwyz,2846,"1",Bus - Überland/Berg,6,2,"22-39 Haltestellen"
122,TPF, Transports publics fribourgeois SA,2840,"1",Bus - Überland/Berg,29,10,"3-6 Haltestellen"
123,RBS, Regionalverkehr Bern-Solothurn AG,2818,"2",Bus - Agglomeration,3,2,"22-39 Haltestellen"
124,AAGS, Auto AG Schwyz,2778,"1",Bus - Überland/Berg,9,2,"7-13 Haltestellen"
125,VZO, Verkehrsbetriebe Zürichsee und Oberland (VZO) AG,2776,"2",Bus - Agglomeration,5,3,"22-39 Haltestellen"
126,VBD, Landschaft Davos,2740,"1",Bus - Überland/Berg,2,1,"3-6 Haltestellen"
127,BLT, BLT Baselland Transport AG,2644,"1",Bus - Überland/Berg,17,4,"7-13 Haltestellen"
128,THURBO, Thurbo AG,2627,"4",Bahn - Überland/Regionalverkehr,16,3,"7-13 Haltestellen"
129,ASGS," René Ballestraz et fils, transports SA",2624,"1",Bus - Überland/Berg,1,1,"22-39 Haltestellen"
130,TPL, TRASPORTI PUBBLICI LUGANESI SA (TPL),2602,"1",Bus - Überland/Berg,3,1,"14-21 Haltestellen"
131,NStCM, Compagnie du chemin de fer Nyon-St-Cergue-Morez SA,2584,"3",Bahn - Überland/Berg,1,1,"7-13 Haltestellen"
132,BLT, BLT Baselland Transport AG,2514,"1",Bus - Überland/Berg,17,4,"3-6 Haltestellen"
133,SZU, Sihltal Zürich Uetliberg Bahn SZU AG,2494,"1",Bus - Überland/Berg,4,1,"14-21 Haltestellen"
134,VBSH, Stadt Schaffhausen,2426,"1",Bus - Überland/Berg,6,1,"14-21 Haltestellen"
135,STI, STI Bus AG,2416,"1",Bus - Überland/Berg,18,2,"14-21 Haltestellen"
136,asm, Aare Seeland mobil AG,2396,"1",Bus - Überland/Berg,12,3,"7-13 Haltestellen"
137,REGO, Regiobus (St. Gallen),2371,"1",Bus - Überland/Berg,8,1,"7-13 Haltestellen"
138,AMSA, Autolinea Mendrisiense SA,2207,"1",Bus - Überland/Berg,3,1,"14-21 Haltestellen"
139,TPG, Transports publics genevois (TPG),2179,"2",Bus - Agglomeration,15,3,"7-13 Haltestellen"
140,BGU, BGU Busbetrieb Grenchen und Umgebung AG,2102,"2",Bus - Agglomeration,10,2,"7-13 Haltestellen"
141,ZVB, Zugerland Verkehrsbetriebe AG,2092,"1",Bus - Überland/Berg,21,3,"1-2 Haltestellen"
142,ZVB, Zugerland Verkehrsbetriebe AG,2091,"1",Bus - Überland/Berg,22,3,"3-6 Haltestellen"
143,VBZ, Stadt Zürich,2084,"1",Bus - Überland/Berg,18,3,"3-6 Haltestellen"
144,AMSA, Autolinea Mendrisiense SA,1993,"1",Bus - Überland/Berg,3,1,"7-13 Haltestellen"
145,RA, REGIONALPS SA ,1986,"4",Bahn - Überland/Regionalverkehr,4,2,"7-13 Haltestellen"
146,VMCV, VMCV SA,1933,"1",Bus - Überland/Berg,3,1,"7-13 Haltestellen"
147,SVB, Städtische Verkehrsbetriebe Bern (SVB),1885,"2",Bus - Agglomeration,33,3,"1-2 Haltestellen"
148,AOT, Autokurse Oberthurgau AG (AOT),1870,"1",Bus - Überland/Berg,3,1,"14-21 Haltestellen"
149,AAGS, Auto AG Schwyz,1857,"1",Bus - Überland/Berg,8,2,"14-21 Haltestellen"
150,ARAG, Rottal Auto AG,1832,"1",Bus - Überland/Berg,7,1,"7-13 Haltestellen"
151,SBB, Schweizerische Bundesbahnen SBB,1812,"4",Bahn - Überland/Regionalverkehr,51,14,"1-2 Haltestellen"
152,asm, Aare Seeland mobil AG,1811,"1",Bus - Überland/Berg,9,3,"14-21 Haltestellen"
153,BSU, Busbetrieb Solothurn und Umgebung AG,1806,"2",Bus - Agglomeration,8,2,"3-6 Haltestellen"
154,VBSH, Stadt Schaffhausen,1805,"1",Bus - Überland/Berg,7,1,"7-13 Haltestellen"
155,AAGR, Auto AG Rothenburg,1800,"2",Bus - Agglomeration,4,1,"7-13 Haltestellen"
156,VBL, Verkehrsbetriebe Luzern AG,1686,"2",Bus - Agglomeration,2,1,"7-13 Haltestellen"
157,VBG, VBG Verkehrsbetriebe Glattal AG,1657,"1",Bus - Überland/Berg,1,1,"22-39 Haltestellen"
158,REGO, Regiobus (St. Gallen),1642,"1",Bus - Überland/Berg,2,1,"22-39 Haltestellen"
159,RA, REGIONALPS SA ,1596,"4",Bahn - Überland/Regionalverkehr,3,2,"14-21 Haltestellen"
160,STI, STI Bus AG,1595,"1",Bus - Überland/Berg,15,2,"22-39 Haltestellen"
161,TPF, Transports publics fribourgeois SA,1594,"1",Bus - Überland/Berg,22,9,"1-2 Haltestellen"
162,RA, REGIONALPS SA ,1552,"4",Bahn - Überland/Regionalverkehr,3,2,"22-39 Haltestellen"
163,VBZ, Stadt Zürich,1545,"1",Bus - Überland/Berg,18,3,"1-2 Haltestellen"
164,BuS, Bus und Service AG,1514,"1",Bus - Überland/Berg,4,1,"7-13 Haltestellen"
165,AAGU, AUTO AG URI,1513,"1",Bus - Überland/Berg,7,1,"14-21 Haltestellen"
166,ARAG, Rottal Auto AG,1506,"1",Bus - Überland/Berg,4,1,"22-39 Haltestellen"
167,VBL, Verkehrsbetriebe Luzern AG,1500,"2",Bus - Agglomeration,2,1,"3-6 Haltestellen"
168,STI, STI Bus AG,1479,"1",Bus - Überland/Berg,24,2,"3-6 Haltestellen"
169,AS, Autobetrieb Sernftal AG,1460,"1",Bus - Überland/Berg,2,1,"7-13 Haltestellen"
170,VBSG, Stadt St. Gallen,1452,"2",Bus - Agglomeration,10,4,"7-13 Haltestellen"
171,STI, STI Bus AG,1376,"1",Bus - Überland/Berg,24,2,"1-2 Haltestellen"
172,TPC, Transports Publics du Chablais SA,1376,"1",Bus - Überland/Berg,4,1,"22-39 Haltestellen"
173,THURBO, Thurbo AG,1345,"4",Bahn - Überland/Regionalverkehr,7,2,"14-21 Haltestellen"
174,AVA, Aargau Verkehr AG,1312,"1",Bus - Überland/Berg,12,4,"7-13 Haltestellen"
175,AB, Appenzeller Bahnen AG,1270,"3",Bahn - Überland/Berg,3,1,"14-21 Haltestellen"
176,ARAG, Rottal Auto AG,1229,"1",Bus - Überland/Berg,4,1,"14-21 Haltestellen"
177,TPL, TRASPORTI PUBBLICI LUGANESI SA (TPL),1209,"1",Bus - Überland/Berg,2,1,"3-6 Haltestellen"
178,THURBO, Thurbo AG,1206,"4",Bahn - Überland/Regionalverkehr,19,3,"3-6 Haltestellen"
179,SBW, Stadt Winterthur,1186,"1",Bus - Überland/Berg,2,1,"14-21 Haltestellen"
180,LLB, Société anonyme des transports publics de Loèche-l,1181,"1",Bus - Überland/Berg,7,1,"7-13 Haltestellen"
181,asm, Aare Seeland mobil AG,1178,"1",Bus - Überland/Berg,12,3,"3-6 Haltestellen"
182,TRN, Transports Publics Neuchâtelois SA,1169,"1",Bus - Überland/Berg,4,1,"22-39 Haltestellen"
183,PAG, PostAuto Schweiz AG,1166,"1",Bus - Überland/Berg,11,9,"40+ Haltestellen"
184,RVBW, Regionale Verkehrsbetriebe Baden-Wettingen (RVBW) ,1140,"2",Bus - Agglomeration,2,1,"14-21 Haltestellen"
185,TPN, TPN Transports publics de la Région Nyonnaise SA,1136,"1",Bus - Überland/Berg,4,1,"3-6 Haltestellen"
186,GWB, Grindelwald Bus AG,1122,"1",Bus - Überland/Berg,3,1,"14-21 Haltestellen"
187,TSD, Theytaz Excursions SA,1108,"1",Bus - Überland/Berg,2,1,"22-39 Haltestellen"
188,RBL, Regionalbus Lenzburg AG,1066,"1",Bus - Überland/Berg,5,1,"14-21 Haltestellen"
189,AAGS, Auto AG Schwyz,1062,"1",Bus - Überland/Berg,3,1,"40+ Haltestellen"
190,zb, zb Zentralbahn AG,1038,"3",Bahn - Überland/Berg,5,1,"3-6 Haltestellen"
191,VBL, Verkehrsbetriebe Luzern AG,1031,"2",Bus - Agglomeration,2,1,"14-21 Haltestellen"
192,ASGS," René Ballestraz et fils, transports SA",1026,"1",Bus - Überland/Berg,1,1,"3-6 Haltestellen"
193,AS, Autobetrieb Sernftal AG,1022,"1",Bus - Überland/Berg,1,1,"14-21 Haltestellen"
194,AAGU, AUTO AG URI,1008,"1",Bus - Überland/Berg,4,1,"22-39 Haltestellen"
195,BLS, BLS AG,1004,"4",Bahn - Überland/Regionalverkehr,19,5,"14-21 Haltestellen"
196,TSD, Theytaz Excursions SA,982,"1",Bus - Überland/Berg,2,1,"14-21 Haltestellen"
197,AVA, Aargau Verkehr AG,976,"1",Bus - Überland/Berg,4,2,"22-39 Haltestellen"
198,REGO, Regiobus (St. Gallen),970,"1",Bus - Überland/Berg,4,1,"3-6 Haltestellen"
199,AAGS, Auto AG Schwyz,962,"1",Bus - Überland/Berg,9,2,"3-6 Haltestellen"
200,SBW, Stadt Winterthur,915,"1",Bus - Überland/Berg,4,1,"7-13 Haltestellen"
201,FART, Società per le Ferrovie Autolinee Regionali Ticine,908,"1",Bus - Überland/Berg,2,1,"1-2 Haltestellen"
202,BuS, Bus und Service AG,899,"1",Bus - Überland/Berg,4,1,"3-6 Haltestellen"
203,BOGG, Busbetrieb Olten Gösgen Gäu AG,896,"2",Bus - Agglomeration,4,2,"22-39 Haltestellen"
204,AAGU, AUTO AG URI,881,"1",Bus - Überland/Berg,8,1,"7-13 Haltestellen"
205,MBC, Transports de la région Morges-Bière-Cossonay SA,874,"3",Bahn - Überland/Berg,1,1,"22-39 Haltestellen"
206,RA, REGIONALPS SA ,868,"4",Bahn - Überland/Regionalverkehr,2,1,"1-2 Haltestellen"
207,FART, Società per le Ferrovie Autolinee Regionali Ticine,826,"1",Bus - Überland/Berg,5,1,"22-39 Haltestellen"
208,BLT, BLT Baselland Transport AG,816,"1",Bus - Überland/Berg,17,4,"1-2 Haltestellen"
209,BLAG, Busland AG,798,"1",Bus - Überland/Berg,7,2,"3-6 Haltestellen"
210,VBSG, Stadt St. Gallen,795,"2",Bus - Agglomeration,8,3,"3-6 Haltestellen"
211,asm, Aare Seeland mobil AG,777,"1",Bus - Überland/Berg,5,1,"22-39 Haltestellen"
212,BBA, Busbetrieb Aarau AG (BBA),765,"2",Bus - Agglomeration,2,2,"22-39 Haltestellen"
213,FART, Società per le Ferrovie Autolinee Regionali Ticine,765,"1",Bus - Überland/Berg,4,1,"14-21 Haltestellen"
214,SOB, Schweizerische Südostbahn AG,761,"4",Bahn - Überland/Regionalverkehr,6,1,"7-13 Haltestellen"
215,BVB, Basler Verkehrs-Betriebe,752,"2",Bus - Agglomeration,2,2,"14-21 Haltestellen"
216,BVB, Basler Verkehrs-Betriebe,745,"2",Bus - Agglomeration,3,2,"1-2 Haltestellen"
217,WAB, Wengernalpbahn AG,734,"3",Bahn - Überland/Berg,1,1,"3-6 Haltestellen"
218,AAGL, Autobus AG Liestal Öffentlicher Verkehr,726,"1",Bus - Überland/Berg,5,1,"14-21 Haltestellen"
219,SNL, SOCIETA' NAVIGAZIONE DEL LAGO DI LUGANO SA,722,"4",Bus - Überland/Berg,1,1,"3-6 Haltestellen"
220,SBW, Stadt Winterthur,721,"1",Bus - Überland/Berg,1,1,"22-39 Haltestellen"
221,AAGL, Autobus AG Liestal Öffentlicher Verkehr,720,"1",Bus - Überland/Berg,5,1,"22-39 Haltestellen"
222,AS, Autobetrieb Sernftal AG,713,"1",Bus - Überland/Berg,2,1,"3-6 Haltestellen"
223,SBW, Stadt Winterthur,700,"1",Bus - Überland/Berg,4,1,"1-2 Haltestellen"
224,TRN, Transports Publics Neuchâtelois SA,686,"1",Bus - Überland/Berg,5,1,"14-21 Haltestellen"
225,ASGS," René Ballestraz et fils, transports SA",682,"1",Bus - Überland/Berg,1,1,"14-21 Haltestellen"
226,LEB, Compagnie du chemin de fer Lausanne-Echallens-Berc,663,"3",Bahn - Überland/Berg,1,1,"7-13 Haltestellen"
227,AAGS, Auto AG Schwyz,644,"1",Bus - Überland/Berg,5,2,"1-2 Haltestellen"
228,NStCM, Compagnie du chemin de fer Nyon-St-Cergue-Morez SA,642,"3",Bahn - Überland/Berg,1,1,"3-6 Haltestellen"
229,VZO, Verkehrsbetriebe Zürichsee und Oberland (VZO) AG,641,"2",Bus - Agglomeration,21,3,"1-2 Haltestellen"
230,LLB, Société anonyme des transports publics de Loèche-l,639,"1",Bus - Überland/Berg,2,1,"3-6 Haltestellen"
231,STI, STI Bus AG,635,"1",Bus - Überland/Berg,5,2,"40+ Haltestellen"
232,RBL, Regionalbus Lenzburg AG,587,"1",Bus - Überland/Berg,2,1,"22-39 Haltestellen"
233,AOT, Autokurse Oberthurgau AG (AOT),567,"1",Bus - Überland/Berg,1,1,"22-39 Haltestellen"
234,ARAG, Rottal Auto AG,549,"1",Bus - Überland/Berg,8,1,"3-6 Haltestellen"
235,AOT, Autokurse Oberthurgau AG (AOT),535,"1",Bus - Überland/Berg,3,1,"7-13 Haltestellen"
236,AAGU, AUTO AG URI,528,"1",Bus - Überland/Berg,1,1,"40+ Haltestellen"
237,BRER, O. Schneider AG,527,"1",Bus - Überland/Berg,2,1,"22-39 Haltestellen"
238,BBA, Busbetrieb Aarau AG (BBA),516,"2",Bus - Agglomeration,3,2,"14-21 Haltestellen"
239,BOGG, Busbetrieb Olten Gösgen Gäu AG,507,"2",Bus - Agglomeration,5,2,"3-6 Haltestellen"
240,LEB, Compagnie du chemin de fer Lausanne-Echallens-Berc,506,"3",Bahn - Überland/Berg,1,1,"3-6 Haltestellen"
241,BVB, Basler Verkehrs-Betriebe,497,"2",Bus - Agglomeration,3,2,"3-6 Haltestellen"
242,BOB, Berner Oberland-Bahnen AG,487,"3",Bahn - Überland/Berg,1,1,"7-13 Haltestellen"
243,BuS, Bus und Service AG,485,"1",Bus - Überland/Berg,4,1,"1-2 Haltestellen"
244,GWB, Grindelwald Bus AG,479,"1",Bus - Überland/Berg,3,1,"22-39 Haltestellen"
245,SBG, SBG SüdbadenBus GmbH,474,"1",Bus - Überland/Berg,1,1,"14-21 Haltestellen"
246,AAGL, Autobus AG Liestal Öffentlicher Verkehr,469,"1",Bus - Überland/Berg,6,1,"7-13 Haltestellen"
247,SBW, Stadt Winterthur,461,"1",Bus - Überland/Berg,4,1,"3-6 Haltestellen"
248,BOB, Berner Oberland-Bahnen AG,452,"3",Bahn - Überland/Berg,2,1,"3-6 Haltestellen"
249,VB, Verkehrsbetriebe Biel,452,"1",Bus - Überland/Berg,7,1,"3-6 Haltestellen"
250,VB, Verkehrsbetriebe Biel,443,"1",Bus - Überland/Berg,3,1,"1-2 Haltestellen"
251,RhB, Rhätische Bahn AG  (RhB),442,"4",Bahn - Überland/Regionalverkehr,11,2,"7-13 Haltestellen"
252,SOB, Schweizerische Südostbahn AG,436,"4",Bahn - Überland/Regionalverkehr,3,1,"14-21 Haltestellen"
253,FART, Società per le Ferrovie Autolinee Regionali Ticine,427,"1",Bus - Überland/Berg,1,1,"3-6 Haltestellen"
254,RBL, Regionalbus Lenzburg AG,423,"1",Bus - Überland/Berg,4,1,"7-13 Haltestellen"
255,AVA, Aargau Verkehr AG,420,"1",Bus - Überland/Berg,7,4,"3-6 Haltestellen"
256,zb, zb Zentralbahn AG,413,"3",Bahn - Überland/Berg,7,1,"7-13 Haltestellen"
257,ABl, Autolinee Bleniesi SA,412,"1",Bus - Überland/Berg,4,1,"7-13 Haltestellen"
258,BSU, Busbetrieb Solothurn und Umgebung AG,412,"2",Bus - Agglomeration,1,1,"40+ Haltestellen"
259,VBSG, Stadt St. Gallen,401,"2",Bus - Agglomeration,2,2,"1-2 Haltestellen"
260,GWB, Grindelwald Bus AG,400,"1",Bus - Überland/Berg,3,1,"3-6 Haltestellen"
261,GWB, Grindelwald Bus AG,399,"1",Bus - Überland/Berg,3,1,"7-13 Haltestellen"
262,SZU, Sihltal Zürich Uetliberg Bahn SZU AG,374,"1",Bus - Überland/Berg,8,2,"1-2 Haltestellen"
263,MBC, Transports de la région Morges-Bière-Cossonay SA,373,"3",Bahn - Überland/Berg,6,1,"1-2 Haltestellen"
264,AVJ, Société anonyme des auto-transports de la Vallée d,360,"1",Bus - Überland/Berg,1,1,"3-6 Haltestellen"
265,SOB, Schweizerische Südostbahn AG,357,"4",Bahn - Überland/Regionalverkehr,7,1,"3-6 Haltestellen"
266,BWS, Busbetriebe Bamert GmbH,355,"1",Bus - Überland/Berg,1,1,"7-13 Haltestellen"
267,BGU, BGU Busbetrieb Grenchen und Umgebung AG,339,"2",Bus - Agglomeration,1,1,"1-2 Haltestellen"
268,AOT, Autokurse Oberthurgau AG (AOT),315,"1",Bus - Überland/Berg,2,1,"3-6 Haltestellen"
269,BGU, BGU Busbetrieb Grenchen und Umgebung AG,315,"2",Bus - Agglomeration,2,1,"22-39 Haltestellen"
270,TRAVYS, TRAVYS - Transports Vallée-de-Joux - Yverdon-les-B,311,"1",Bus - Überland/Berg,6,2,"1-2 Haltestellen"
271,MGB, Matterhorn Gotthard Verkehrs AG,301,"3",Bahn - Überland/Berg,2,1,"3-6 Haltestellen"
272,BLAG, Busland AG,288,"1",Bus - Überland/Berg,8,2,"1-2 Haltestellen"
273,AFA, Automobilverkehr Frutigen-Adelboden AG,283,"1",Bus - Überland/Berg,4,1,"7-13 Haltestellen"
274,SNL, SOCIETA' NAVIGAZIONE DEL LAGO DI LUGANO SA,277,"4",Bus - Überland/Berg,2,1,"7-13 Haltestellen"
275,SZU, Sihltal Zürich Uetliberg Bahn SZU AG,274,"1",Bus - Überland/Berg,1,1,"22-39 Haltestellen"
276,AWA, Ortsgemeinde Amden,268,"1",Bus - Überland/Berg,1,1,"14-21 Haltestellen"
277,ABl, Autolinee Bleniesi SA,258,"1",Bus - Überland/Berg,1,1,"22-39 Haltestellen"
278,RhB, Rhätische Bahn AG  (RhB),251,"4",Bahn - Überland/Regionalverkehr,8,2,"14-21 Haltestellen"
279,TPC, Transports Publics du Chablais SA,250,"1",Bus - Überland/Berg,2,1,"3-6 Haltestellen"
280,BRER, O. Schneider AG,232,"1",Bus - Überland/Berg,3,1,"7-13 Haltestellen"
281,MGB, Matterhorn Gotthard Verkehrs AG,229,"3",Bahn - Überland/Berg,2,1,"7-13 Haltestellen"
282,TPC, Transports Publics du Chablais SA,228,"1",Bus - Überland/Berg,2,1,"1-2 Haltestellen"
283,ARL, Società Autolinee Regionali Luganesi,227,"1",Bus - Überland/Berg,2,1,"3-6 Haltestellen"
284,BCS, Commune de Sion,223,"1",Bus - Überland/Berg,4,1,"3-6 Haltestellen"
285,THURBO, Thurbo AG,216,"4",Bahn - Überland/Regionalverkehr,11,3,"1-2 Haltestellen"
286,AFA, Automobilverkehr Frutigen-Adelboden AG,212,"1",Bus - Überland/Berg,2,1,"14-21 Haltestellen"
287,AAGR, Auto AG Rothenburg,205,"2",Bus - Agglomeration,4,1,"3-6 Haltestellen"
288,GWB, Grindelwald Bus AG,205,"1",Bus - Überland/Berg,3,1,"1-2 Haltestellen"
289,asm, Aare Seeland mobil AG,203,"1",Bus - Überland/Berg,7,1,"1-2 Haltestellen"
290,PAG, PostAuto Schweiz AG,200,"1",Bus - Überland/Berg,7,5,"0 Haltestellen"
291,SOB, Schweizerische Südostbahn AG,197,"4",Bahn - Überland/Regionalverkehr,1,1,"22-39 Haltestellen"
292,AVA, Aargau Verkehr AG,196,"1",Bus - Überland/Berg,7,4,"1-2 Haltestellen"
293,BLWE, Genossenschaft Busbetrieb Lichtensteig-Wattwil-Ebn,196,"1",Bus - Überland/Berg,1,1,"14-21 Haltestellen"
294,TPC, Transports Publics du Chablais SA,193,"1",Bus - Überland/Berg,1,1,"40+ Haltestellen"
295,TMR, TMR Transports de Martigny et Régions SA,190,"1",Bus - Überland/Berg,1,1,"22-39 Haltestellen"
296,TPN, TPN Transports publics de la Région Nyonnaise SA,190,"1",Bus - Überland/Berg,3,1,"1-2 Haltestellen"
297,AAGR, Auto AG Rothenburg,189,"2",Bus - Agglomeration,4,1,"1-2 Haltestellen"
298,BOGG, Busbetrieb Olten Gösgen Gäu AG,187,"2",Bus - Agglomeration,2,1,"40+ Haltestellen"
299,MGB, Matterhorn Gotthard Verkehrs AG,182,"3",Bahn - Überland/Berg,1,1,"22-39 Haltestellen"
300,ARL, Società Autolinee Regionali Luganesi,172,"1",Bus - Überland/Berg,2,1,"22-39 Haltestellen"
301,WAB, Wengernalpbahn AG,172,"3",Bahn - Überland/Berg,1,1,"1-2 Haltestellen"
302,AAGU, AUTO AG URI,170,"1",Bus - Überland/Berg,9,1,"3-6 Haltestellen"
303,ARL, Società Autolinee Regionali Luganesi,165,"1",Bus - Überland/Berg,3,1,"7-13 Haltestellen"
304,ASGS," René Ballestraz et fils, transports SA",165,"1",Bus - Überland/Berg,1,1,"7-13 Haltestellen"
305,TPF, Transports publics fribourgeois SA,152,"1",Bus - Überland/Berg,3,2,"40+ Haltestellen"
306,AFA, Automobilverkehr Frutigen-Adelboden AG,147,"1",Bus - Überland/Berg,1,1,"22-39 Haltestellen"
307,BLS, BLS AG,144,"4",Bahn - Überland/Regionalverkehr,23,5,"1-2 Haltestellen"
308,BLWE, Genossenschaft Busbetrieb Lichtensteig-Wattwil-Ebn,144,"1",Bus - Überland/Berg,1,1,"7-13 Haltestellen"
309,AMSA, Autolinea Mendrisiense SA,137,"1",Bus - Überland/Berg,2,1,"3-6 Haltestellen"
310,SZU, Sihltal Zürich Uetliberg Bahn SZU AG,132,"1",Bus - Überland/Berg,1,1,"40+ Haltestellen"
311,BBA, Busbetrieb Aarau AG (BBA),131,"2",Bus - Agglomeration,2,2,"3-6 Haltestellen"
312,BCS, Commune de Sion,127,"1",Bus - Überland/Berg,4,1,"7-13 Haltestellen"
313,VBSH, Stadt Schaffhausen,126,"1",Bus - Überland/Berg,3,1,"1-2 Haltestellen"
314,BCS, Commune de Sion,113,"1",Bus - Überland/Berg,2,1,"22-39 Haltestellen"
315,THURBO, Thurbo AG,111,"4",Bahn - Überland/Regionalverkehr,5,2,"22-39 Haltestellen"
316,AAGL, Autobus AG Liestal Öffentlicher Verkehr,109,"1",Bus - Überland/Berg,2,1,"3-6 Haltestellen"
317,AB, Appenzeller Bahnen AG,109,"3",Bahn - Überland/Berg,4,1,"1-2 Haltestellen"
318,RhB, Rhätische Bahn AG  (RhB),103,"4",Bahn - Überland/Regionalverkehr,11,2,"3-6 Haltestellen"
319,SVB, Städtische Verkehrsbetriebe Bern (SVB),101,"2",Bus - Agglomeration,8,1,"0 Haltestellen"
320,BGU, BGU Busbetrieb Grenchen und Umgebung AG,97,"2",Bus - Agglomeration,5,2,"3-6 Haltestellen"
321,BCS, Commune de Sion,95,"1",Bus - Überland/Berg,4,1,"1-2 Haltestellen"
322,RBL, Regionalbus Lenzburg AG,87,"1",Bus - Überland/Berg,3,1,"3-6 Haltestellen"
323,ARAG, Rottal Auto AG,79,"1",Bus - Überland/Berg,8,1,"1-2 Haltestellen"
324,ARL, Società Autolinee Regionali Luganesi,73,"1",Bus - Überland/Berg,4,1,"14-21 Haltestellen"
325,VBL, Verkehrsbetriebe Luzern AG,71,"2",Bus - Agglomeration,2,1,"1-2 Haltestellen"
326,SMC, Compagnie de Chemin de Fer et d'Autobus Sierre-Mon,70,"1",Bus - Überland/Berg,2,1,"14-21 Haltestellen"
327,BLAG, Busland AG,69,"1",Bus - Überland/Berg,3,1,"40+ Haltestellen"
328,ABl, Autolinee Bleniesi SA,64,"1",Bus - Überland/Berg,2,1,"3-6 Haltestellen"
329,TMR, TMR Transports de Martigny et Régions SA,64,"1",Bus - Überland/Berg,3,2,"1-2 Haltestellen"
330,RBS, Regionalverkehr Bern-Solothurn AG,63,"2",Bus - Agglomeration,2,2,"0 Haltestellen"
331,BLS, BLS AG,62,"4",Bahn - Überland/Regionalverkehr,6,2,"22-39 Haltestellen"
332,AS, Autobetrieb Sernftal AG,60,"1",Bus - Überland/Berg,1,1,"1-2 Haltestellen"
333,STI, STI Bus AG,57,"1",Bus - Überland/Berg,6,1,"0 Haltestellen"
334,BCS, Commune de Sion,53,"1",Bus - Überland/Berg,1,1,"14-21 Haltestellen"
335,BRER, O. Schneider AG,53,"1",Bus - Überland/Berg,1,1,"14-21 Haltestellen"
336,AAGU, AUTO AG URI,50,"1",Bus - Überland/Berg,8,1,"1-2 Haltestellen"
337,THURBO, Thurbo AG,48,"4",Bahn - Überland/Regionalverkehr,2,1,"40+ Haltestellen"
338,REGO, Regiobus (St. Gallen),47,"1",Bus - Überland/Berg,4,1,"1-2 Haltestellen"
339,AAGS, Auto AG Schwyz,36,"1",Bus - Überland/Berg,2,1,"0 Haltestellen"
340,AFA, Automobilverkehr Frutigen-Adelboden AG,34,"1",Bus - Überland/Berg,2,1,"40+ Haltestellen"
341,AAGL, Autobus AG Liestal Öffentlicher Verkehr,30,"1",Bus - Überland/Berg,3,1,"1-2 Haltestellen"
342,asm, Aare Seeland mobil AG,30,"1",Bus - Überland/Berg,1,1,"0 Haltestellen"
343,BBA, Busbetrieb Aarau AG (BBA),25,"2",Bus - Agglomeration,1,1,"7-13 Haltestellen"
344,MGB, Matterhorn Gotthard Verkehrs AG,25,"3",Bahn - Überland/Berg,1,1,"14-21 Haltestellen"
345,BLT, BLT Baselland Transport AG,24,"1",Bus - Überland/Berg,2,1,"40+ Haltestellen"
346,BRER, O. Schneider AG,23,"1",Bus - Überland/Berg,1,1,"3-6 Haltestellen"
347,SMC, Compagnie de Chemin de Fer et d'Autobus Sierre-Mon,23,"1",Bus - Überland/Berg,1,1,"7-13 Haltestellen"
348,ABl, Autolinee Bleniesi SA,22,"1",Bus - Überland/Berg,2,1,"1-2 Haltestellen"
349,RVBW, Regionale Verkehrsbetriebe Baden-Wettingen (RVBW) ,19,"2",Bus - Agglomeration,2,1,"7-13 Haltestellen"
350,BOB, Berner Oberland-Bahnen AG,16,"3",Bahn - Überland/Berg,2,1,"1-2 Haltestellen"
351,AWA, Ortsgemeinde Amden,15,"1",Bus - Überland/Berg,1,1,"7-13 Haltestellen"
352,RhB, Rhätische Bahn AG  (RhB),13,"4",Bahn - Überland/Regionalverkehr,1,1,"22-39 Haltestellen"
353,BLAG, Busland AG,12,"1",Bus - Überland/Berg,1,1,"0 Haltestellen"
354,BVB, Basler Verkehrs-Betriebe,12,"2",Bus - Agglomeration,1,1,"40+ Haltestellen"
355,RhB, Rhätische Bahn AG  (RhB),11,"4",Bahn - Überland/Regionalverkehr,6,2,"1-2 Haltestellen"
356,BWS, Busbetriebe Bamert GmbH,10,"1",Bus - Überland/Berg,1,1,"14-21 Haltestellen"
357,FART, Società per le Ferrovie Autolinee Regionali Ticine,10,"1",Bus - Überland/Berg,4,1,"7-13 Haltestellen"
358,RVBW, Regionale Verkehrsbetriebe Baden-Wettingen (RVBW) ,10,"2",Bus - Agglomeration,2,1,"22-39 Haltestellen"
359,SOB, Schweizerische Südostbahn AG,10,"4",Bahn - Überland/Regionalverkehr,6,1,"1-2 Haltestellen"
360,BSU, Busbetrieb Solothurn und Umgebung AG,8,"2",Bus - Agglomeration,1,1,"1-2 Haltestellen"
361,SNL, SOCIETA' NAVIGAZIONE DEL LAGO DI LUGANO SA,8,"4",Bus - Überland/Berg,1,1,"14-21 Haltestellen"
362,VMCV, VMCV SA,8,"1",Bus - Überland/Berg,2,1,"1-2 Haltestellen"
363,AB, Appenzeller Bahnen AG,7,"3",Bahn - Überland/Berg,2,1,"22-39 Haltestellen"
364,RBL, Regionalbus Lenzburg AG,7,"1",Bus - Überland/Berg,3,1,"1-2 Haltestellen"
365,TSD, Theytaz Excursions SA,7,"1",Bus - Überland/Berg,1,1,"3-6 Haltestellen"
366,zb, zb Zentralbahn AG,7,"3",Bahn - Überland/Berg,1,1,"14-21 Haltestellen"
367,BLT, BLT Baselland Transport AG,6,"1",Bus - Überland/Berg,2,1,"0 Haltestellen"
368,LLB, Société anonyme des transports publics de Loèche-l,6,"1",Bus - Überland/Berg,1,1,"1-2 Haltestellen"
369,AVJ, Société anonyme des auto-transports de la Vallée d,5,"1",Bus - Überland/Berg,1,1,"1-2 Haltestellen"
370,AWA, Ortsgemeinde Amden,5,"1",Bus - Überland/Berg,1,1,"3-6 Haltestellen"
371,BLWE, Genossenschaft Busbetrieb Lichtensteig-Wattwil-Ebn,5,"1",Bus - Überland/Berg,1,1,"22-39 Haltestellen"
372,VMCV, VMCV SA,5,"1",Bus - Überland/Berg,3,1,"3-6 Haltestellen"
373,SBB, Schweizerische Bundesbahnen SBB,4,"4",Bahn - Überland/Regionalverkehr,3,2,"0 Haltestellen"
374,TSD, Theytaz Excursions SA,4,"1",Bus - Überland/Berg,1,1,"1-2 Haltestellen"
375,AFA, Automobilverkehr Frutigen-Adelboden AG,2,"1",Bus - Überland/Berg,1,1,"3-6 Haltestellen"
376,BSU, Busbetrieb Solothurn und Umgebung AG,2,"2",Bus - Agglomeration,1,1,"0 Haltestellen"
377,TSD, Theytaz Excursions SA,2,"1",Bus - Überland/Berg,1,1,"7-13 Haltestellen"
378,zb, zb Zentralbahn AG,2,"3",Bahn - Überland/Berg,2,1,"1-2 Haltestellen"
379,BOGG, Busbetrieb Olten Gösgen Gäu AG,1,"2",Bus - Agglomeration,1,1,"1-2 Haltestellen"
380,RVBW, Regionale Verkehrsbetriebe Baden-Wettingen (RVBW) ,1,"2",Bus - Agglomeration,1,1,"3-6 Haltestellen"
