"id","tu","name","kurzer_name","anzahl_ausfaelle","id_vmkat","vmkat","anzahl_linien","zeit"
1,PAG, PostAuto Schweiz AG,PostAuto,174194,"1",Bus - Überland/Berg,567,"13:00 - 17:00"
2,PAG, PostAuto Schweiz AG,PostAuto,166316,"1",Bus - Überland/Berg,567,"17:00 - 21:00"
3,PAG, PostAuto Schweiz AG,PostAuto,162969,"1",Bus - Überland/Berg,567,"05:00 - 09:00"
4,PAG, PostAuto Schweiz AG,PostAuto,161664,"1",Bus - Überland/Berg,559,"09:00 - 13:00"
5,TL, Transports Publics de la Région Lausannoise sa,Bus Lausanne,67661,"2",Bus - Agglomeration,15,"17:00 - 21:00"
6,PAG, PostAuto Schweiz AG,PostAuto,65746,"1",Bus - Überland/Berg,282,"21:00 - 01:00"
7,TL, Transports Publics de la Région Lausannoise sa,Bus Lausanne,63100,"2",Bus - Agglomeration,15,"13:00 - 17:00"
8,TL, Transports Publics de la Région Lausannoise sa,Bus Lausanne,63028,"2",Bus - Agglomeration,15,"05:00 - 09:00"
9,TL, Transports Publics de la Région Lausannoise sa,Bus Lausanne,55003,"2",Bus - Agglomeration,14,"09:00 - 13:00"
10,TL, Transports Publics de la Région Lausannoise sa,Bus Lausanne,34723,"2",Bus - Agglomeration,12,"21:00 - 01:00"
11,SBB, Schweizerische Bundesbahnen SBB,Schweizerische Bundesbahnen,18233,"4",Bahn - Überland/Regionalverkehr,97,"05:00 - 09:00"
12,SBB, Schweizerische Bundesbahnen SBB,Schweizerische Bundesbahnen,18169,"4",Bahn - Überland/Regionalverkehr,97,"17:00 - 21:00"
13,SBB, Schweizerische Bundesbahnen SBB,Schweizerische Bundesbahnen,16995,"4",Bahn - Überland/Regionalverkehr,94,"09:00 - 13:00"
14,SBB, Schweizerische Bundesbahnen SBB,Schweizerische Bundesbahnen,16974,"4",Bahn - Überland/Regionalverkehr,98,"13:00 - 17:00"
15,VMCV, VMCV SA,Bus Montreux,14642,"1",Bus - Überland/Berg,4,"13:00 - 17:00"
16,BOS, BUS Ostschweiz AG,BUS Ostschweiz,13957,"1",Bus - Überland/Berg,39,"09:00 - 13:00"
17,TPG, Transports publics genevois (TPG),Bus Genf,13890,"2",Bus - Agglomeration,18,"05:00 - 09:00"
18,VMCV, VMCV SA,Bus Montreux,13806,"1",Bus - Überland/Berg,4,"17:00 - 21:00"
19,VMCV, VMCV SA,Bus Montreux,13579,"1",Bus - Überland/Berg,4,"05:00 - 09:00"
20,BOS, BUS Ostschweiz AG,BUS Ostschweiz,13229,"1",Bus - Überland/Berg,40,"05:00 - 09:00"
21,VMCV, VMCV SA,Bus Montreux,13223,"1",Bus - Überland/Berg,4,"09:00 - 13:00"
22,TMR, TMR Transports de Martigny et Régions SA,Bus Wallis,12633,"1",Bus - Überland/Berg,9,"17:00 - 21:00"
23,BOS, BUS Ostschweiz AG,BUS Ostschweiz,12529,"1",Bus - Überland/Berg,40,"13:00 - 17:00"
24,TMR, TMR Transports de Martigny et Régions SA,Bus Wallis,12512,"1",Bus - Überland/Berg,9,"05:00 - 09:00"
25,BOS, BUS Ostschweiz AG,BUS Ostschweiz,12339,"1",Bus - Überland/Berg,39,"17:00 - 21:00"
26,TPG, Transports publics genevois (TPG),Bus Genf,12280,"2",Bus - Agglomeration,18,"17:00 - 21:00"
27,BOS, BUS Ostschweiz AG,BUS Ostschweiz,11865,"1",Bus - Überland/Berg,22,"21:00 - 01:00"
28,SBB, Schweizerische Bundesbahnen SBB,Schweizerische Bundesbahnen,11140,"4",Bahn - Überland/Regionalverkehr,88,"21:00 - 01:00"
29,SVB, Städtische Verkehrsbetriebe Bern (SVB),Bernmobil,10392,"2",Bus - Agglomeration,32,"09:00 - 13:00"
30,SVB, Städtische Verkehrsbetriebe Bern (SVB),Bernmobil,10331,"2",Bus - Agglomeration,32,"13:00 - 17:00"
31,TMR, TMR Transports de Martigny et Régions SA,Bus Wallis,10238,"1",Bus - Überland/Berg,9,"09:00 - 13:00"
32,TMR, TMR Transports de Martigny et Régions SA,Bus Wallis,10153,"1",Bus - Überland/Berg,9,"13:00 - 17:00"
33,TPG, Transports publics genevois (TPG),Bus Genf,10114,"2",Bus - Agglomeration,18,"13:00 - 17:00"
34,TPG, Transports publics genevois (TPG),Bus Genf,10032,"2",Bus - Agglomeration,18,"09:00 - 13:00"
35,RBS, Regionalverkehr Bern-Solothurn AG,Regionalverkehr Bern-Solothurn,9569,"2",Bus - Agglomeration,23,"13:00 - 17:00"
36,RBS, Regionalverkehr Bern-Solothurn AG,Regionalverkehr Bern-Solothurn,9357,"2",Bus - Agglomeration,23,"09:00 - 13:00"
37,SVB, Städtische Verkehrsbetriebe Bern (SVB),Bernmobil,9275,"2",Bus - Agglomeration,32,"05:00 - 09:00"
38,VBZ, Stadt Zürich,Bus Zürich,9237,"1",Bus - Überland/Berg,17,"09:00 - 13:00"
39,TRN, Transports Publics Neuchâtelois SA,Bus Neuchatel,9152,"1",Bus - Überland/Berg,10,"05:00 - 09:00"
40,PAG, PostAuto Schweiz AG,PostAuto,8840,"1",Bus - Überland/Berg,102,"01:00 - 05:00"
41,SVB, Städtische Verkehrsbetriebe Bern (SVB),Bernmobil,8695,"2",Bus - Agglomeration,33,"17:00 - 21:00"
42,RBS, Regionalverkehr Bern-Solothurn AG,Regionalverkehr Bern-Solothurn,8683,"2",Bus - Agglomeration,24,"17:00 - 21:00"
43,RBS, Regionalverkehr Bern-Solothurn AG,Regionalverkehr Bern-Solothurn,8404,"2",Bus - Agglomeration,23,"05:00 - 09:00"
44,MBC, Transports de la région Morges-Bière-Cossonay SA,Bahn MBC,8247,"3",Bahn - Überland/Berg,9,"17:00 - 21:00"
45,VBD, Landschaft Davos,Bus Davos,8131,"1",Bus - Überland/Berg,3,"13:00 - 17:00"
46,VBD, Landschaft Davos,Bus Davos,7798,"1",Bus - Überland/Berg,3,"09:00 - 13:00"
47,VBZ, Stadt Zürich,Bus Zürich,7754,"1",Bus - Überland/Berg,18,"13:00 - 17:00"
48,TRN, Transports Publics Neuchâtelois SA,Bus Neuchatel,7470,"1",Bus - Überland/Berg,10,"17:00 - 21:00"
49,MBC, Transports de la région Morges-Bière-Cossonay SA,Bahn MBC,7375,"3",Bahn - Überland/Berg,9,"13:00 - 17:00"
50,TRAVYS, TRAVYS - Transports Vallée-de-Joux - Yverdon-les-B,Bus Yverdon,7364,"1",Bus - Überland/Berg,9,"17:00 - 21:00"
51,TRAVYS, TRAVYS - Transports Vallée-de-Joux - Yverdon-les-B,Bus Yverdon,7324,"1",Bus - Überland/Berg,9,"13:00 - 17:00"
52,VMCV, VMCV SA,Bus Montreux,7227,"1",Bus - Überland/Berg,3,"21:00 - 01:00"
53,VZO, Verkehrsbetriebe Zürichsee und Oberland (VZO) AG,Bus Zürichsee,7069,"2",Bus - Agglomeration,21,"09:00 - 13:00"
54,TRN, Transports Publics Neuchâtelois SA,Bus Neuchatel,6960,"1",Bus - Überland/Berg,10,"13:00 - 17:00"
55,VZO, Verkehrsbetriebe Zürichsee und Oberland (VZO) AG,Bus Zürichsee,6920,"2",Bus - Agglomeration,22,"13:00 - 17:00"
56,AB, Appenzeller Bahnen AG,Appenzeller Bahnen,6608,"3",Bahn - Überland/Berg,7,"13:00 - 17:00"
57,VZO, Verkehrsbetriebe Zürichsee und Oberland (VZO) AG,Bus Zürichsee,6582,"2",Bus - Agglomeration,22,"05:00 - 09:00"
58,BOGG, Busbetrieb Olten Gösgen Gäu AG,Bus Olten,6512,"2",Bus - Agglomeration,12,"17:00 - 21:00"
59,BOGG, Busbetrieb Olten Gösgen Gäu AG,Bus Olten,6507,"2",Bus - Agglomeration,12,"13:00 - 17:00"
60,VBZ, Stadt Zürich,Bus Zürich,6496,"1",Bus - Überland/Berg,18,"17:00 - 21:00"
61,TRN, Transports Publics Neuchâtelois SA,Bus Neuchatel,6466,"1",Bus - Überland/Berg,10,"09:00 - 13:00"
62,BOGG, Busbetrieb Olten Gösgen Gäu AG,Bus Olten,6318,"2",Bus - Agglomeration,12,"09:00 - 13:00"
63,BOGG, Busbetrieb Olten Gösgen Gäu AG,Bus Olten,6306,"2",Bus - Agglomeration,12,"05:00 - 09:00"
64,VBZ, Stadt Zürich,Bus Zürich,6301,"1",Bus - Überland/Berg,18,"05:00 - 09:00"
65,MBC, Transports de la région Morges-Bière-Cossonay SA,Bahn MBC,6065,"3",Bahn - Überland/Berg,9,"05:00 - 09:00"
66,VZO, Verkehrsbetriebe Zürichsee und Oberland (VZO) AG,Bus Zürichsee,5981,"2",Bus - Agglomeration,22,"17:00 - 21:00"
67,TPF, Transports publics fribourgeois SA,Bus Fribourg,5905,"1",Bus - Überland/Berg,58,"05:00 - 09:00"
68,BLAG, Busland AG,Busland,5320,"1",Bus - Überland/Berg,20,"09:00 - 13:00"
69,AB, Appenzeller Bahnen AG,Appenzeller Bahnen,5282,"3",Bahn - Überland/Berg,7,"17:00 - 21:00"
70,BLT, BLT Baselland Transport AG,Bus Baselland,5266,"1",Bus - Überland/Berg,17,"13:00 - 17:00"
71,MBC, Transports de la région Morges-Bière-Cossonay SA,Bahn MBC,5249,"3",Bahn - Überland/Berg,9,"09:00 - 13:00"
72,VBG, VBG Verkehrsbetriebe Glattal AG,Bus Glattal,5211,"1",Bus - Überland/Berg,18,"09:00 - 13:00"
73,BLAG, Busland AG,Busland,5187,"1",Bus - Überland/Berg,20,"05:00 - 09:00"
74,BLAG, Busland AG,Busland,5178,"1",Bus - Überland/Berg,20,"13:00 - 17:00"
75,ZVB, Zugerland Verkehrsbetriebe AG,Bus Zug,5067,"1",Bus - Überland/Berg,22,"13:00 - 17:00"
76,VBD, Landschaft Davos,Bus Davos,4979,"1",Bus - Überland/Berg,3,"17:00 - 21:00"
77,ABG, Alsa Bustours Gex S.A.S,Bustour Genf,4938,"1",Bus - Überland/Berg,2,"17:00 - 21:00"
78,VBSH, Stadt Schaffhausen,Bus Schaffhausen,4871,"1",Bus - Überland/Berg,7,"05:00 - 09:00"
79,BLAG, Busland AG,Busland,4821,"1",Bus - Überland/Berg,20,"17:00 - 21:00"
80,TPG, Transports publics genevois (TPG),Bus Genf,4820,"2",Bus - Agglomeration,18,"21:00 - 01:00"
81,TPF, Transports publics fribourgeois SA,Bus Fribourg,4810,"1",Bus - Überland/Berg,58,"09:00 - 13:00"
82,VBSH, Stadt Schaffhausen,Bus Schaffhausen,4796,"1",Bus - Überland/Berg,7,"13:00 - 17:00"
83,STI, STI Bus AG,Verkehrsbetriebe Steffisburg-Thun-Interlaken,4746,"1",Bus - Überland/Berg,24,"09:00 - 13:00"
84,VBG, VBG Verkehrsbetriebe Glattal AG,Bus Glattal,4700,"1",Bus - Überland/Berg,21,"13:00 - 17:00"
85,VBSH, Stadt Schaffhausen,Bus Schaffhausen,4699,"1",Bus - Überland/Berg,7,"09:00 - 13:00"
86,VBG, VBG Verkehrsbetriebe Glattal AG,Bus Glattal,4691,"1",Bus - Überland/Berg,21,"17:00 - 21:00"
87,ABG, Alsa Bustours Gex S.A.S,Bustour Genf,4604,"1",Bus - Überland/Berg,2,"05:00 - 09:00"
88,VB, Verkehrsbetriebe Biel,Bus Biel,4588,"1",Bus - Überland/Berg,11,"13:00 - 17:00"
89,AB, Appenzeller Bahnen AG,Appenzeller Bahnen,4577,"3",Bahn - Überland/Berg,7,"09:00 - 13:00"
90,ZVB, Zugerland Verkehrsbetriebe AG,Bus Zug,4552,"1",Bus - Überland/Berg,21,"09:00 - 13:00"
91,BLT, BLT Baselland Transport AG,Bus Baselland,4509,"1",Bus - Überland/Berg,17,"17:00 - 21:00"
92,VB, Verkehrsbetriebe Biel,Bus Biel,4504,"1",Bus - Überland/Berg,11,"09:00 - 13:00"
93,AB, Appenzeller Bahnen AG,Appenzeller Bahnen,4481,"3",Bahn - Überland/Berg,7,"05:00 - 09:00"
94,TRAVYS, TRAVYS - Transports Vallée-de-Joux - Yverdon-les-B,Bus Yverdon,4448,"1",Bus - Überland/Berg,9,"09:00 - 13:00"
95,TPN, TPN Transports publics de la Région Nyonnaise SA,Bus Nyon,4339,"1",Bus - Überland/Berg,4,"17:00 - 21:00"
96,VBSH, Stadt Schaffhausen,Bus Schaffhausen,4332,"1",Bus - Überland/Berg,7,"17:00 - 21:00"
97,STI, STI Bus AG,Verkehrsbetriebe Steffisburg-Thun-Interlaken,4320,"1",Bus - Überland/Berg,24,"05:00 - 09:00"
98,VBD, Landschaft Davos,Bus Davos,4311,"1",Bus - Überland/Berg,3,"05:00 - 09:00"
99,TRAVYS, TRAVYS - Transports Vallée-de-Joux - Yverdon-les-B,Bus Yverdon,4198,"1",Bus - Überland/Berg,9,"05:00 - 09:00"
100,ZVB, Zugerland Verkehrsbetriebe AG,Bus Zug,4178,"1",Bus - Überland/Berg,22,"05:00 - 09:00"
101,VBSG, Stadt St. Gallen,Bus St.Gallen,4172,"2",Bus - Agglomeration,15,"05:00 - 09:00"
102,BLT, BLT Baselland Transport AG,Bus Baselland,3985,"1",Bus - Überland/Berg,17,"05:00 - 09:00"
103,VB, Verkehrsbetriebe Biel,Bus Biel,3975,"1",Bus - Überland/Berg,11,"05:00 - 09:00"
104,VB, Verkehrsbetriebe Biel,Bus Biel,3902,"1",Bus - Überland/Berg,11,"17:00 - 21:00"
105,SZU, Sihltal Zürich Uetliberg Bahn SZU AG,Bahn Sihltal,3877,"1",Bus - Überland/Berg,8,"17:00 - 21:00"
106,TPL, TRASPORTI PUBBLICI LUGANESI SA (TPL),Lugano Bus,3852,"1",Bus - Überland/Berg,9,"09:00 - 13:00"
107,BLAG, Busland AG,Busland,3849,"1",Bus - Überland/Berg,12,"21:00 - 01:00"
108,SZU, Sihltal Zürich Uetliberg Bahn SZU AG,Bahn Sihltal,3825,"1",Bus - Überland/Berg,8,"05:00 - 09:00"
109,BOGG, Busbetrieb Olten Gösgen Gäu AG,Bus Olten,3782,"2",Bus - Agglomeration,10,"21:00 - 01:00"
110,VB, Verkehrsbetriebe Biel,Bus Biel,3767,"1",Bus - Überland/Berg,11,"21:00 - 01:00"
111,ZVB, Zugerland Verkehrsbetriebe AG,Bus Zug,3759,"1",Bus - Überland/Berg,22,"17:00 - 21:00"
112,STI, STI Bus AG,Verkehrsbetriebe Steffisburg-Thun-Interlaken,3757,"1",Bus - Überland/Berg,24,"13:00 - 17:00"
113,TPF, Transports publics fribourgeois SA,Bus Fribourg,3728,"1",Bus - Überland/Berg,58,"13:00 - 17:00"
114,ABG, Alsa Bustours Gex S.A.S,Bustour Genf,3629,"1",Bus - Überland/Berg,2,"13:00 - 17:00"
115,VBSG, Stadt St. Gallen,Bus St.Gallen,3574,"2",Bus - Agglomeration,15,"09:00 - 13:00"
116,TRN, Transports Publics Neuchâtelois SA,Bus Neuchatel,3555,"1",Bus - Überland/Berg,10,"21:00 - 01:00"
117,SZU, Sihltal Zürich Uetliberg Bahn SZU AG,Bahn Sihltal,3554,"1",Bus - Überland/Berg,8,"13:00 - 17:00"
118,TPN, TPN Transports publics de la Région Nyonnaise SA,Bus Nyon,3540,"1",Bus - Überland/Berg,4,"13:00 - 17:00"
119,SZU, Sihltal Zürich Uetliberg Bahn SZU AG,Bahn Sihltal,3528,"1",Bus - Überland/Berg,8,"09:00 - 13:00"
120,VBZ, Stadt Zürich,Bus Zürich,3515,"1",Bus - Überland/Berg,14,"21:00 - 01:00"
121,TPL, TRASPORTI PUBBLICI LUGANESI SA (TPL),Lugano Bus,3500,"1",Bus - Überland/Berg,9,"05:00 - 09:00"
122,TPL, TRASPORTI PUBBLICI LUGANESI SA (TPL),Lugano Bus,3495,"1",Bus - Überland/Berg,9,"13:00 - 17:00"
123,AVJ, Société anonyme des auto-transports de la Vallée d,Bus AVJ,3313,"1",Bus - Überland/Berg,1,"05:00 - 09:00"
124,BSU, Busbetrieb Solothurn und Umgebung AG,Bus Solothurn,3266,"2",Bus - Agglomeration,13,"13:00 - 17:00"
125,VBSG, Stadt St. Gallen,Bus St.Gallen,3257,"2",Bus - Agglomeration,15,"13:00 - 17:00"
126,VBG, VBG Verkehrsbetriebe Glattal AG,Bus Glattal,3196,"1",Bus - Überland/Berg,21,"05:00 - 09:00"
127,TPC, Transports Publics du Chablais SA,Bus Chablais ,3182,"1",Bus - Überland/Berg,10,"13:00 - 17:00"
128,BLT, BLT Baselland Transport AG,Bus Baselland,3165,"1",Bus - Überland/Berg,15,"09:00 - 13:00"
129,RBS, Regionalverkehr Bern-Solothurn AG,Regionalverkehr Bern-Solothurn,3143,"2",Bus - Agglomeration,17,"21:00 - 01:00"
130,AVJ, Société anonyme des auto-transports de la Vallée d,Bus AVJ,3133,"1",Bus - Überland/Berg,1,"13:00 - 17:00"
131,AVJ, Société anonyme des auto-transports de la Vallée d,Bus AVJ,3111,"1",Bus - Überland/Berg,1,"09:00 - 13:00"
132,BSU, Busbetrieb Solothurn und Umgebung AG,Bus Solothurn,3105,"2",Bus - Agglomeration,13,"09:00 - 13:00"
133,TPL, TRASPORTI PUBBLICI LUGANESI SA (TPL),Lugano Bus,3079,"1",Bus - Überland/Berg,9,"17:00 - 21:00"
134,BSU, Busbetrieb Solothurn und Umgebung AG,Bus Solothurn,3038,"2",Bus - Agglomeration,13,"05:00 - 09:00"
135,BuS, Bus und Service AG,BuS AG,3005,"1",Bus - Überland/Berg,4,"17:00 - 21:00"
136,TPF, Transports publics fribourgeois SA,Bus Fribourg,2945,"1",Bus - Überland/Berg,58,"17:00 - 21:00"
137,ABG, Alsa Bustours Gex S.A.S,Bustour Genf,2919,"1",Bus - Überland/Berg,2,"09:00 - 13:00"
138,BuS, Bus und Service AG,BuS AG,2872,"1",Bus - Überland/Berg,4,"13:00 - 17:00"
139,BSU, Busbetrieb Solothurn und Umgebung AG,Bus Solothurn,2844,"2",Bus - Agglomeration,13,"17:00 - 21:00"
140,SVB, Städtische Verkehrsbetriebe Bern (SVB),Bernmobil,2843,"2",Bus - Agglomeration,25,"21:00 - 01:00"
141,AAGR, Auto AG Rothenburg,Bus Rothenburg,2824,"2",Bus - Agglomeration,4,"13:00 - 17:00"
142,VBSG, Stadt St. Gallen,Bus St.Gallen,2817,"2",Bus - Agglomeration,15,"17:00 - 21:00"
143,AMSA, Autolinea Mendrisiense SA,Bus Mendrisiense,2808,"1",Bus - Überland/Berg,7,"09:00 - 13:00"
144,AAGR, Auto AG Rothenburg,Bus Rothenburg,2807,"2",Bus - Agglomeration,4,"17:00 - 21:00"
145,RA, REGIONALPS SA ,Regionalps,2759,"4",Bahn - Überland/Regionalverkehr,4,"05:00 - 09:00"
146,AMSA, Autolinea Mendrisiense SA,Bus Mendrisiense,2689,"1",Bus - Überland/Berg,7,"13:00 - 17:00"
147,TPC, Transports Publics du Chablais SA,Bus Chablais ,2632,"1",Bus - Überland/Berg,10,"09:00 - 13:00"
148,REGO, Regiobus (St. Gallen),Regiobus St. Gallen,2600,"1",Bus - Überland/Berg,8,"09:00 - 13:00"
149,NStCM, Compagnie du chemin de fer Nyon-St-Cergue-Morez SA,Bahn Waadt,2598,"3",Bahn - Überland/Berg,1,"13:00 - 17:00"
150,VBG, VBG Verkehrsbetriebe Glattal AG,Bus Glattal,2597,"1",Bus - Überland/Berg,15,"21:00 - 01:00"
151,AVA, Aargau Verkehr AG,Bus Aargau,2592,"1",Bus - Überland/Berg,10,"21:00 - 01:00"
152,STI, STI Bus AG,Verkehrsbetriebe Steffisburg-Thun-Interlaken,2556,"1",Bus - Überland/Berg,24,"17:00 - 21:00"
153,BLS, BLS AG,Bern-Lötschberg-Simplon-Bahn,2553,"4",Bahn - Überland/Regionalverkehr,31,"17:00 - 21:00"
154,AAGR, Auto AG Rothenburg,Bus Rothenburg,2544,"2",Bus - Agglomeration,4,"09:00 - 13:00"
155,BuS, Bus und Service AG,BuS AG,2533,"1",Bus - Überland/Berg,4,"09:00 - 13:00"
156,REGO, Regiobus (St. Gallen),Regiobus St. Gallen,2528,"1",Bus - Überland/Berg,8,"13:00 - 17:00"
157,NStCM, Compagnie du chemin de fer Nyon-St-Cergue-Morez SA,Bahn Waadt,2500,"3",Bahn - Überland/Berg,1,"17:00 - 21:00"
158,MBC, Transports de la région Morges-Bière-Cossonay SA,Bahn MBC,2487,"3",Bahn - Überland/Berg,4,"21:00 - 01:00"
159,TPC, Transports Publics du Chablais SA,Bus Chablais ,2457,"1",Bus - Überland/Berg,10,"17:00 - 21:00"
160,RA, REGIONALPS SA ,Regionalps,2412,"4",Bahn - Überland/Regionalverkehr,4,"17:00 - 21:00"
161,REGO, Regiobus (St. Gallen),Regiobus St. Gallen,2399,"1",Bus - Überland/Berg,8,"17:00 - 21:00"
162,ARL, Società Autolinee Regionali Luganesi,Bus Luganesi,2367,"1",Bus - Überland/Berg,4,"17:00 - 21:00"
163,AAGS, Auto AG Schwyz,Bus Schwyz,2360,"1",Bus - Überland/Berg,11,"13:00 - 17:00"
164,AAGS, Auto AG Schwyz,Bus Schwyz,2323,"1",Bus - Überland/Berg,11,"05:00 - 09:00"
165,VBSH, Stadt Schaffhausen,Bus Schaffhausen,2323,"1",Bus - Überland/Berg,7,"21:00 - 01:00"
166,VBL, Verkehrsbetriebe Luzern AG,Bus Luzern,2319,"2",Bus - Agglomeration,2,"05:00 - 09:00"
167,TPL, TRASPORTI PUBBLICI LUGANESI SA (TPL),Lugano Bus,2294,"1",Bus - Überland/Berg,8,"21:00 - 01:00"
168,AMSA, Autolinea Mendrisiense SA,Bus Mendrisiense,2280,"1",Bus - Überland/Berg,7,"17:00 - 21:00"
169,BLS, BLS AG,Bern-Lötschberg-Simplon-Bahn,2278,"4",Bahn - Überland/Regionalverkehr,30,"09:00 - 13:00"
170,BLS, BLS AG,Bern-Lötschberg-Simplon-Bahn,2257,"4",Bahn - Überland/Regionalverkehr,30,"13:00 - 17:00"
171,NStCM, Compagnie du chemin de fer Nyon-St-Cergue-Morez SA,Bahn Waadt,2257,"3",Bahn - Überland/Berg,1,"05:00 - 09:00"
172,AVA, Aargau Verkehr AG,Bus Aargau,2243,"1",Bus - Überland/Berg,12,"05:00 - 09:00"
173,ARL, Società Autolinee Regionali Luganesi,Bus Luganesi,2228,"1",Bus - Überland/Berg,4,"13:00 - 17:00"
174,RA, REGIONALPS SA ,Regionalps,2218,"4",Bahn - Überland/Regionalverkehr,4,"13:00 - 17:00"
175,BLS, BLS AG,Bern-Lötschberg-Simplon-Bahn,2211,"4",Bahn - Überland/Regionalverkehr,26,"21:00 - 01:00"
176,AVJ, Société anonyme des auto-transports de la Vallée d,Bus AVJ,2209,"1",Bus - Überland/Berg,1,"17:00 - 21:00"
177,ARL, Società Autolinee Regionali Luganesi,Bus Luganesi,2182,"1",Bus - Überland/Berg,4,"05:00 - 09:00"
178,BVB, Basler Verkehrs-Betriebe,Basler Verkehrs,2164,"2",Bus - Agglomeration,3,"05:00 - 09:00"
179,REGO, Regiobus (St. Gallen),Regiobus St. Gallen,2163,"1",Bus - Überland/Berg,8,"05:00 - 09:00"
180,AMSA, Autolinea Mendrisiense SA,Bus Mendrisiense,2158,"1",Bus - Überland/Berg,7,"05:00 - 09:00"
181,TPC, Transports Publics du Chablais SA,Bus Chablais ,2136,"1",Bus - Überland/Berg,10,"05:00 - 09:00"
182,BVB, Basler Verkehrs-Betriebe,Basler Verkehrs,2135,"2",Bus - Agglomeration,3,"13:00 - 17:00"
183,RA, REGIONALPS SA ,Regionalps,2135,"4",Bahn - Überland/Regionalverkehr,4,"09:00 - 13:00"
184,AAGS, Auto AG Schwyz,Bus Schwyz,2107,"1",Bus - Überland/Berg,10,"09:00 - 13:00"
185,ARL, Società Autolinee Regionali Luganesi,Bus Luganesi,2093,"1",Bus - Überland/Berg,4,"09:00 - 13:00"
186,AAGS, Auto AG Schwyz,Bus Schwyz,2091,"1",Bus - Überland/Berg,11,"17:00 - 21:00"
187,SZU, Sihltal Zürich Uetliberg Bahn SZU AG,Bahn Sihltal,2073,"1",Bus - Überland/Berg,8,"21:00 - 01:00"
188,BGU, BGU Busbetrieb Grenchen und Umgebung AG,Bus Grenchen,2000,"2",Bus - Agglomeration,10,"09:00 - 13:00"
189,AVA, Aargau Verkehr AG,Bus Aargau,1999,"1",Bus - Überland/Berg,12,"17:00 - 21:00"
190,NStCM, Compagnie du chemin de fer Nyon-St-Cergue-Morez SA,Bahn Waadt,1976,"3",Bahn - Überland/Berg,1,"09:00 - 13:00"
191,BLS, BLS AG,Bern-Lötschberg-Simplon-Bahn,1975,"4",Bahn - Überland/Regionalverkehr,31,"05:00 - 09:00"
192,AAGR, Auto AG Rothenburg,Bus Rothenburg,1897,"2",Bus - Agglomeration,4,"05:00 - 09:00"
193,TPN, TPN Transports publics de la Région Nyonnaise SA,Bus Nyon,1879,"1",Bus - Überland/Berg,4,"09:00 - 13:00"
194,BVB, Basler Verkehrs-Betriebe,Basler Verkehrs,1869,"2",Bus - Agglomeration,3,"09:00 - 13:00"
195,VBL, Verkehrsbetriebe Luzern AG,Bus Luzern,1845,"2",Bus - Agglomeration,2,"17:00 - 21:00"
196,AVA, Aargau Verkehr AG,Bus Aargau,1837,"1",Bus - Überland/Berg,12,"13:00 - 17:00"
197,BGU, BGU Busbetrieb Grenchen und Umgebung AG,Bus Grenchen,1810,"2",Bus - Agglomeration,10,"13:00 - 17:00"
198,AVA, Aargau Verkehr AG,Bus Aargau,1795,"1",Bus - Überland/Berg,11,"09:00 - 13:00"
199,BLT, BLT Baselland Transport AG,Bus Baselland,1765,"1",Bus - Überland/Berg,13,"21:00 - 01:00"
200,BVB, Basler Verkehrs-Betriebe,Basler Verkehrs,1750,"2",Bus - Agglomeration,3,"17:00 - 21:00"
201,FLP, Ferrovie Luganesi SA,Bahn Lugano,1732,"4",Bahn - Überland/Regionalverkehr,1,"09:00 - 13:00"
202,ZVB, Zugerland Verkehrsbetriebe AG,Bus Zug,1686,"1",Bus - Überland/Berg,18,"21:00 - 01:00"
203,asm, Aare Seeland mobil AG,Bus Aare Seeland,1665,"1",Bus - Überland/Berg,15,"13:00 - 17:00"
204,BuS, Bus und Service AG,BuS AG,1659,"1",Bus - Überland/Berg,4,"05:00 - 09:00"
205,FLP, Ferrovie Luganesi SA,Bahn Lugano,1642,"4",Bahn - Überland/Regionalverkehr,1,"13:00 - 17:00"
206,TRAVYS, TRAVYS - Transports Vallée-de-Joux - Yverdon-les-B,Bus Yverdon,1628,"1",Bus - Überland/Berg,5,"21:00 - 01:00"
207,VZO, Verkehrsbetriebe Zürichsee und Oberland (VZO) AG,Bus Zürichsee,1623,"2",Bus - Agglomeration,14,"21:00 - 01:00"
208,TPN, TPN Transports publics de la Région Nyonnaise SA,Bus Nyon,1620,"1",Bus - Überland/Berg,4,"21:00 - 01:00"
209,BGU, BGU Busbetrieb Grenchen und Umgebung AG,Bus Grenchen,1609,"2",Bus - Agglomeration,10,"05:00 - 09:00"
210,ARL, Società Autolinee Regionali Luganesi,Bus Luganesi,1553,"1",Bus - Überland/Berg,2,"21:00 - 01:00"
211,asm, Aare Seeland mobil AG,Bus Aare Seeland,1546,"1",Bus - Überland/Berg,14,"09:00 - 13:00"
212,VBL, Verkehrsbetriebe Luzern AG,Bus Luzern,1531,"2",Bus - Agglomeration,2,"13:00 - 17:00"
213,AAGR, Auto AG Rothenburg,Bus Rothenburg,1524,"2",Bus - Agglomeration,3,"21:00 - 01:00"
214,VBL, Verkehrsbetriebe Luzern AG,Bus Luzern,1514,"2",Bus - Agglomeration,2,"09:00 - 13:00"
215,LEB, Compagnie du chemin de fer Lausanne-Echallens-Berc,Bahn Lausanne,1511,"3",Bahn - Überland/Berg,1,"05:00 - 09:00"
216,FLP, Ferrovie Luganesi SA,Bahn Lugano,1492,"4",Bahn - Überland/Regionalverkehr,1,"05:00 - 09:00"
217,BSU, Busbetrieb Solothurn und Umgebung AG,Bus Solothurn,1462,"2",Bus - Agglomeration,9,"21:00 - 01:00"
218,FLP, Ferrovie Luganesi SA,Bahn Lugano,1461,"4",Bahn - Überland/Regionalverkehr,1,"17:00 - 21:00"
219,TPF, Transports publics fribourgeois SA,Bus Fribourg,1442,"1",Bus - Überland/Berg,25,"21:00 - 01:00"
220,BGU, BGU Busbetrieb Grenchen und Umgebung AG,Bus Grenchen,1436,"2",Bus - Agglomeration,12,"17:00 - 21:00"
221,asm, Aare Seeland mobil AG,Bus Aare Seeland,1436,"1",Bus - Überland/Berg,15,"05:00 - 09:00"
222,THURBO, Thurbo AG,Thurbo,1414,"4",Bahn - Überland/Regionalverkehr,19,"21:00 - 01:00"
223,TPN, TPN Transports publics de la Région Nyonnaise SA,Bus Nyon,1394,"1",Bus - Überland/Berg,4,"05:00 - 09:00"
224,ARAG, Rottal Auto AG,Bus Rottal,1343,"1",Bus - Überland/Berg,8,"13:00 - 17:00"
225,LEB, Compagnie du chemin de fer Lausanne-Echallens-Berc,Bahn Lausanne,1335,"3",Bahn - Überland/Berg,1,"09:00 - 13:00"
226,ASGS," René Ballestraz et fils, transports SA",Bus René Ballestraz,1302,"1",Bus - Überland/Berg,1,"17:00 - 21:00"
227,ARAG, Rottal Auto AG,Bus Rottal,1282,"1",Bus - Überland/Berg,5,"09:00 - 13:00"
228,TPG, Transports publics genevois (TPG),Bus Genf,1257,"2",Bus - Agglomeration,7,"01:00 - 05:00"
229,LEB, Compagnie du chemin de fer Lausanne-Echallens-Berc,Bahn Lausanne,1241,"3",Bahn - Überland/Berg,1,"17:00 - 21:00"
230,MGB, Matterhorn Gotthard Verkehrs AG,Bahn Matterhorn,1238,"3",Bahn - Überland/Berg,3,"17:00 - 21:00"
231,THURBO, Thurbo AG,Thurbo,1216,"4",Bahn - Überland/Regionalverkehr,22,"05:00 - 09:00"
232,ARAG, Rottal Auto AG,Bus Rottal,1208,"1",Bus - Überland/Berg,8,"05:00 - 09:00"
233,AAGS, Auto AG Schwyz,Bus Schwyz,1162,"1",Bus - Überland/Berg,9,"21:00 - 01:00"
234,asm, Aare Seeland mobil AG,Bus Aare Seeland,1160,"1",Bus - Überland/Berg,15,"17:00 - 21:00"
235,LEB, Compagnie du chemin de fer Lausanne-Echallens-Berc,Bahn Lausanne,1151,"3",Bahn - Überland/Berg,1,"13:00 - 17:00"
236,VBSG, Stadt St. Gallen,Bus St.Gallen,1150,"2",Bus - Agglomeration,13,"21:00 - 01:00"
237,SBW, Stadt Winterthur,Bus Winterthur,1131,"1",Bus - Überland/Berg,4,"05:00 - 09:00"
238,AAGU, AUTO AG URI,Bus Uri,1116,"1",Bus - Überland/Berg,9,"09:00 - 13:00"
239,THURBO, Thurbo AG,Thurbo,1094,"4",Bahn - Überland/Regionalverkehr,23,"09:00 - 13:00"
240,SBW, Stadt Winterthur,Bus Winterthur,1071,"1",Bus - Überland/Berg,4,"17:00 - 21:00"
241,ASGS," René Ballestraz et fils, transports SA",Bus René Ballestraz,1068,"1",Bus - Überland/Berg,1,"09:00 - 13:00"
242,STI, STI Bus AG,Verkehrsbetriebe Steffisburg-Thun-Interlaken,1035,"1",Bus - Überland/Berg,19,"21:00 - 01:00"
243,AAGU, AUTO AG URI,Bus Uri,1019,"1",Bus - Überland/Berg,9,"13:00 - 17:00"
244,ASGS," René Ballestraz et fils, transports SA",Bus René Ballestraz,983,"1",Bus - Überland/Berg,1,"13:00 - 17:00"
245,AAGU, AUTO AG URI,Bus Uri,970,"1",Bus - Überland/Berg,9,"05:00 - 09:00"
246,SBG, SBG SüdbadenBus GmbH,Bus Südbaden,961,"1",Bus - Überland/Berg,1,"21:00 - 01:00"
247,FLP, Ferrovie Luganesi SA,Bahn Lugano,953,"4",Bahn - Überland/Regionalverkehr,1,"21:00 - 01:00"
248,THURBO, Thurbo AG,Thurbo,952,"4",Bahn - Überland/Regionalverkehr,23,"17:00 - 21:00"
249,ARAG, Rottal Auto AG,Bus Rottal,950,"1",Bus - Überland/Berg,8,"17:00 - 21:00"
250,AOT, Autokurse Oberthurgau AG (AOT),Bus Oberthurgau,949,"1",Bus - Überland/Berg,5,"09:00 - 13:00"
251,LEB, Compagnie du chemin de fer Lausanne-Echallens-Berc,Bahn Lausanne,938,"3",Bahn - Überland/Berg,1,"21:00 - 01:00"
252,SBG, SBG SüdbadenBus GmbH,Bus Südbaden,891,"1",Bus - Überland/Berg,1,"13:00 - 17:00"
253,MGB, Matterhorn Gotthard Verkehrs AG,Bahn Matterhorn,888,"3",Bahn - Überland/Berg,3,"09:00 - 13:00"
254,MGB, Matterhorn Gotthard Verkehrs AG,Bahn Matterhorn,888,"3",Bahn - Überland/Berg,3,"13:00 - 17:00"
255,SBG, SBG SüdbadenBus GmbH,Bus Südbaden,880,"1",Bus - Überland/Berg,1,"17:00 - 21:00"
256,AOT, Autokurse Oberthurgau AG (AOT),Bus Oberthurgau,874,"1",Bus - Überland/Berg,5,"05:00 - 09:00"
257,BOS, BUS Ostschweiz AG,BUS Ostschweiz,865,"1",Bus - Überland/Berg,6,"01:00 - 05:00"
258,ABG, Alsa Bustours Gex S.A.S,Bustour Genf,840,"1",Bus - Überland/Berg,1,"21:00 - 01:00"
259,AS, Autobetrieb Sernftal AG,Bus Sernftal,840,"1",Bus - Überland/Berg,3,"13:00 - 17:00"
260,AB, Appenzeller Bahnen AG,Appenzeller Bahnen,837,"3",Bahn - Überland/Berg,5,"21:00 - 01:00"
261,AOT, Autokurse Oberthurgau AG (AOT),Bus Oberthurgau,829,"1",Bus - Überland/Berg,5,"13:00 - 17:00"
262,MGB, Matterhorn Gotthard Verkehrs AG,Bahn Matterhorn,827,"3",Bahn - Überland/Berg,3,"05:00 - 09:00"
263,BVB, Basler Verkehrs-Betriebe,Basler Verkehrs,826,"2",Bus - Agglomeration,3,"21:00 - 01:00"
264,SMC, Compagnie de Chemin de Fer et d'Autobus Sierre-Mon,Bahn Montana,823,"3",Bahn - Überland/Berg,2,"09:00 - 13:00"
265,SMC, Compagnie de Chemin de Fer et d'Autobus Sierre-Mon,Bahn Montana,823,"3",Bahn - Überland/Berg,2,"13:00 - 17:00"
266,THURBO, Thurbo AG,Thurbo,820,"4",Bahn - Überland/Regionalverkehr,23,"13:00 - 17:00"
267,GWB, Grindelwald Bus AG,Grindelwald Bus,817,"1",Bus - Überland/Berg,3,"13:00 - 17:00"
268,SBG, SBG SüdbadenBus GmbH,Bus Südbaden,808,"1",Bus - Überland/Berg,1,"09:00 - 13:00"
269,AS, Autobetrieb Sernftal AG,Bus Sernftal,800,"1",Bus - Überland/Berg,3,"09:00 - 13:00"
270,SBG, SBG SüdbadenBus GmbH,Bus Südbaden,788,"1",Bus - Überland/Berg,1,"05:00 - 09:00"
271,ASGS," René Ballestraz et fils, transports SA",Bus René Ballestraz,772,"1",Bus - Überland/Berg,1,"05:00 - 09:00"
272,GWB, Grindelwald Bus AG,Grindelwald Bus,746,"1",Bus - Überland/Berg,3,"05:00 - 09:00"
273,GWB, Grindelwald Bus AG,Grindelwald Bus,746,"1",Bus - Überland/Berg,3,"09:00 - 13:00"
274,REGO, Regiobus (St. Gallen),Regiobus St. Gallen,722,"1",Bus - Überland/Berg,5,"21:00 - 01:00"
275,SBW, Stadt Winterthur,Bus Winterthur,717,"1",Bus - Überland/Berg,4,"13:00 - 17:00"
276,BuS, Bus und Service AG,BuS AG,710,"1",Bus - Überland/Berg,2,"21:00 - 01:00"
277,TSD, Theytaz Excursions SA,Theytaz,703,"1",Bus - Überland/Berg,2,"09:00 - 13:00"
278,AS, Autobetrieb Sernftal AG,Bus Sernftal,696,"1",Bus - Überland/Berg,3,"05:00 - 09:00"
279,FART, Società per le Ferrovie Autolinee Regionali Ticine,Bus Tessin,692,"1",Bus - Überland/Berg,8,"09:00 - 13:00"
280,SBB, Schweizerische Bundesbahnen SBB,Schweizerische Bundesbahnen,686,"4",Bahn - Überland/Regionalverkehr,31,"01:00 - 05:00"
281,FART, Società per le Ferrovie Autolinee Regionali Ticine,Bus Tessin,666,"1",Bus - Überland/Berg,8,"05:00 - 09:00"
282,SBW, Stadt Winterthur,Bus Winterthur,663,"1",Bus - Überland/Berg,2,"09:00 - 13:00"
283,AAGU, AUTO AG URI,Bus Uri,658,"1",Bus - Überland/Berg,9,"17:00 - 21:00"
284,SMC, Compagnie de Chemin de Fer et d'Autobus Sierre-Mon,Bahn Montana,653,"3",Bahn - Überland/Berg,2,"05:00 - 09:00"
285,MGB, Matterhorn Gotthard Verkehrs AG,Bahn Matterhorn,643,"3",Bahn - Überland/Berg,3,"21:00 - 01:00"
286,VBL, Verkehrsbetriebe Luzern AG,Bus Luzern,627,"2",Bus - Agglomeration,2,"01:00 - 05:00"
287,TSD, Theytaz Excursions SA,Theytaz,619,"1",Bus - Überland/Berg,2,"05:00 - 09:00"
288,SMC, Compagnie de Chemin de Fer et d'Autobus Sierre-Mon,Bahn Montana,617,"3",Bahn - Überland/Berg,2,"17:00 - 21:00"
289,AS, Autobetrieb Sernftal AG,Bus Sernftal,616,"1",Bus - Überland/Berg,3,"17:00 - 21:00"
290,TMR, TMR Transports de Martigny et Régions SA,Bus Wallis,600,"1",Bus - Überland/Berg,4,"21:00 - 01:00"
291,FART, Società per le Ferrovie Autolinee Regionali Ticine,Bus Tessin,590,"1",Bus - Überland/Berg,8,"13:00 - 17:00"
292,LLB, Société anonyme des transports publics de Loèche-l,Bus Leuk,579,"1",Bus - Überland/Berg,8,"09:00 - 13:00"
293,RBL, Regionalbus Lenzburg AG,Bus Lenzburg,577,"1",Bus - Überland/Berg,7,"05:00 - 09:00"
294,NStCM, Compagnie du chemin de fer Nyon-St-Cergue-Morez SA,Bahn Waadt,561,"3",Bahn - Überland/Berg,1,"21:00 - 01:00"
295,asm, Aare Seeland mobil AG,Bus Aare Seeland,561,"1",Bus - Überland/Berg,9,"21:00 - 01:00"
296,AMSA, Autolinea Mendrisiense SA,Bus Mendrisiense,546,"1",Bus - Überland/Berg,5,"21:00 - 01:00"
297,AOT, Autokurse Oberthurgau AG (AOT),Bus Oberthurgau,529,"1",Bus - Überland/Berg,5,"17:00 - 21:00"
298,FART, Società per le Ferrovie Autolinee Regionali Ticine,Bus Tessin,524,"1",Bus - Überland/Berg,8,"17:00 - 21:00"
299,LLB, Société anonyme des transports publics de Loèche-l,Bus Leuk,521,"1",Bus - Überland/Berg,8,"05:00 - 09:00"
300,RBL, Regionalbus Lenzburg AG,Bus Lenzburg,497,"1",Bus - Überland/Berg,7,"17:00 - 21:00"
301,AAGL, Autobus AG Liestal Öffentlicher Verkehr,Bus Liestal,494,"1",Bus - Überland/Berg,6,"13:00 - 17:00"
302,AAGL, Autobus AG Liestal Öffentlicher Verkehr,Bus Liestal,473,"1",Bus - Überland/Berg,6,"09:00 - 13:00"
303,RBL, Regionalbus Lenzburg AG,Bus Lenzburg,462,"1",Bus - Überland/Berg,7,"09:00 - 13:00"
304,VBL, Verkehrsbetriebe Luzern AG,Bus Luzern,462,"2",Bus - Agglomeration,2,"21:00 - 01:00"
305,BLT, BLT Baselland Transport AG,Bus Baselland,460,"1",Bus - Überland/Berg,8,"01:00 - 05:00"
306,FART, Società per le Ferrovie Autolinee Regionali Ticine,Bus Tessin,450,"1",Bus - Überland/Berg,7,"21:00 - 01:00"
307,AAGL, Autobus AG Liestal Öffentlicher Verkehr,Bus Liestal,444,"1",Bus - Überland/Berg,6,"05:00 - 09:00"
308,TSD, Theytaz Excursions SA,Theytaz,412,"1",Bus - Überland/Berg,2,"17:00 - 21:00"
309,ARAG, Rottal Auto AG,Bus Rottal,407,"1",Bus - Überland/Berg,6,"21:00 - 01:00"
310,SOB, Schweizerische Südostbahn AG,Südostbahn,403,"4",Bahn - Überland/Regionalverkehr,7,"05:00 - 09:00"
311,BBA, Busbetrieb Aarau AG (BBA),Bus Aarau,402,"2",Bus - Agglomeration,3,"17:00 - 21:00"
312,SOB, Schweizerische Südostbahn AG,Südostbahn,401,"4",Bahn - Überland/Regionalverkehr,6,"09:00 - 13:00"
313,SOB, Schweizerische Südostbahn AG,Südostbahn,390,"4",Bahn - Überland/Regionalverkehr,7,"17:00 - 21:00"
314,VMCV, VMCV SA,Bus Montreux,386,"1",Bus - Überland/Berg,2,"01:00 - 05:00"
315,zb, zb Zentralbahn AG,Zentralbahn,385,"3",Bahn - Überland/Berg,8,"05:00 - 09:00"
316,LLB, Société anonyme des transports publics de Loèche-l,Bus Leuk,376,"1",Bus - Überland/Berg,8,"13:00 - 17:00"
317,SBW, Stadt Winterthur,Bus Winterthur,376,"1",Bus - Überland/Berg,2,"21:00 - 01:00"
318,TSD, Theytaz Excursions SA,Theytaz,369,"1",Bus - Überland/Berg,2,"13:00 - 17:00"
319,RA, REGIONALPS SA ,Regionalps,368,"4",Bahn - Überland/Regionalverkehr,3,"21:00 - 01:00"
320,SOB, Schweizerische Südostbahn AG,Südostbahn,360,"4",Bahn - Überland/Regionalverkehr,7,"13:00 - 17:00"
321,ASGS," René Ballestraz et fils, transports SA",Bus René Ballestraz,355,"1",Bus - Überland/Berg,1,"21:00 - 01:00"
322,AAGL, Autobus AG Liestal Öffentlicher Verkehr,Bus Liestal,350,"1",Bus - Überland/Berg,6,"17:00 - 21:00"
323,AAGU, AUTO AG URI,Bus Uri,344,"1",Bus - Überland/Berg,3,"21:00 - 01:00"
324,LLB, Société anonyme des transports publics de Loèche-l,Bus Leuk,339,"1",Bus - Überland/Berg,8,"17:00 - 21:00"
325,zb, zb Zentralbahn AG,Zentralbahn,336,"3",Bahn - Überland/Berg,8,"17:00 - 21:00"
326,RVBW, Regionale Verkehrsbetriebe Baden-Wettingen (RVBW) ,Bus Baden,331,"2",Bus - Agglomeration,2,"05:00 - 09:00"
327,BBA, Busbetrieb Aarau AG (BBA),Bus Aarau,330,"2",Bus - Agglomeration,3,"05:00 - 09:00"
328,BRER, O. Schneider AG,Bus Schneider,329,"1",Bus - Überland/Berg,3,"05:00 - 09:00"
329,TPC, Transports Publics du Chablais SA,Bus Chablais ,324,"1",Bus - Überland/Berg,2,"21:00 - 01:00"
330,RBL, Regionalbus Lenzburg AG,Bus Lenzburg,316,"1",Bus - Überland/Berg,7,"13:00 - 17:00"
331,BGU, BGU Busbetrieb Grenchen und Umgebung AG,Bus Grenchen,315,"2",Bus - Agglomeration,3,"21:00 - 01:00"
332,LEB, Compagnie du chemin de fer Lausanne-Echallens-Berc,Bahn Lausanne,309,"3",Bahn - Überland/Berg,1,"01:00 - 05:00"
333,zb, zb Zentralbahn AG,Zentralbahn,303,"3",Bahn - Überland/Berg,6,"13:00 - 17:00"
334,AS, Autobetrieb Sernftal AG,Bus Sernftal,301,"1",Bus - Überland/Berg,1,"21:00 - 01:00"
335,RBL, Regionalbus Lenzburg AG,Bus Lenzburg,299,"1",Bus - Überland/Berg,7,"21:00 - 01:00"
336,GWB, Grindelwald Bus AG,Grindelwald Bus,295,"1",Bus - Überland/Berg,3,"17:00 - 21:00"
337,BBA, Busbetrieb Aarau AG (BBA),Bus Aarau,288,"2",Bus - Agglomeration,3,"09:00 - 13:00"
338,zb, zb Zentralbahn AG,Zentralbahn,288,"3",Bahn - Überland/Berg,6,"09:00 - 13:00"
339,AB, Appenzeller Bahnen AG,Appenzeller Bahnen,284,"3",Bahn - Überland/Berg,5,"01:00 - 05:00"
340,RVBW, Regionale Verkehrsbetriebe Baden-Wettingen (RVBW) ,Bus Baden,259,"2",Bus - Agglomeration,2,"09:00 - 13:00"
341,BOB, Berner Oberland-Bahnen AG,Berner Oberbland,257,"3",Bahn - Überland/Berg,2,"17:00 - 21:00"
342,WAB, Wengernalpbahn AG,Wengernalpbahn,254,"3",Bahn - Überland/Berg,1,"09:00 - 13:00"
343,RVBW, Regionale Verkehrsbetriebe Baden-Wettingen (RVBW) ,Bus Baden,252,"2",Bus - Agglomeration,2,"17:00 - 21:00"
344,WAB, Wengernalpbahn AG,Wengernalpbahn,251,"3",Bahn - Überland/Berg,1,"13:00 - 17:00"
345,SNL, SOCIETA' NAVIGAZIONE DEL LAGO DI LUGANO SA,Bus Lugano,245,"4",Bus - Überland/Berg,2,"09:00 - 13:00"
346,RVBW, Regionale Verkehrsbetriebe Baden-Wettingen (RVBW) ,Bus Baden,244,"2",Bus - Agglomeration,2,"13:00 - 17:00"
347,VBSH, Stadt Schaffhausen,Bus Schaffhausen,244,"1",Bus - Überland/Berg,5,"01:00 - 05:00"
348,AFA, Automobilverkehr Frutigen-Adelboden AG,Bus Frutigen,239,"1",Bus - Überland/Berg,6,"05:00 - 09:00"
349,BOB, Berner Oberland-Bahnen AG,Berner Oberbland,237,"3",Bahn - Überland/Berg,2,"13:00 - 17:00"
350,AFA, Automobilverkehr Frutigen-Adelboden AG,Bus Frutigen,235,"1",Bus - Überland/Berg,6,"09:00 - 13:00"
351,BBA, Busbetrieb Aarau AG (BBA),Bus Aarau,235,"2",Bus - Agglomeration,3,"13:00 - 17:00"
352,SNL, SOCIETA' NAVIGAZIONE DEL LAGO DI LUGANO SA,Bus Lugano,233,"4",Bus - Überland/Berg,2,"13:00 - 17:00"
353,RhB, Rhätische Bahn AG  (RhB),Rhätische Bahn,226,"4",Bahn - Überland/Regionalverkehr,12,"05:00 - 09:00"
354,TL, Transports Publics de la Région Lausannoise sa,Bus Lausanne,226,"2",Bus - Agglomeration,6,"01:00 - 05:00"
355,ABl, Autolinee Bleniesi SA,Bus Bleniesi,218,"1",Bus - Überland/Berg,5,"09:00 - 13:00"
356,BCS, Commune de Sion,Bus Sion,208,"1",Bus - Überland/Berg,4,"09:00 - 13:00"
357,BCS, Commune de Sion,Bus Sion,207,"1",Bus - Überland/Berg,4,"13:00 - 17:00"
358,BOB, Berner Oberland-Bahnen AG,Berner Oberbland,204,"3",Bahn - Überland/Berg,2,"09:00 - 13:00"
359,SOB, Schweizerische Südostbahn AG,Südostbahn,195,"4",Bahn - Überland/Regionalverkehr,5,"21:00 - 01:00"
360,RhB, Rhätische Bahn AG  (RhB),Rhätische Bahn,193,"4",Bahn - Überland/Regionalverkehr,12,"13:00 - 17:00"
361,SNL, SOCIETA' NAVIGAZIONE DEL LAGO DI LUGANO SA,Bus Lugano,191,"4",Bus - Überland/Berg,2,"05:00 - 09:00"
362,ABl, Autolinee Bleniesi SA,Bus Bleniesi,184,"1",Bus - Überland/Berg,5,"05:00 - 09:00"
363,RhB, Rhätische Bahn AG  (RhB),Rhätische Bahn,183,"4",Bahn - Überland/Regionalverkehr,11,"09:00 - 13:00"
364,BBA, Busbetrieb Aarau AG (BBA),Bus Aarau,178,"2",Bus - Agglomeration,3,"21:00 - 01:00"
365,ABl, Autolinee Bleniesi SA,Bus Bleniesi,175,"1",Bus - Überland/Berg,5,"13:00 - 17:00"
366,BRER, O. Schneider AG,Bus Schneider,173,"1",Bus - Überland/Berg,3,"13:00 - 17:00"
367,BOB, Berner Oberland-Bahnen AG,Berner Oberbland,169,"3",Bahn - Überland/Berg,2,"05:00 - 09:00"
368,BRER, O. Schneider AG,Bus Schneider,168,"1",Bus - Überland/Berg,3,"09:00 - 13:00"
369,SNL, SOCIETA' NAVIGAZIONE DEL LAGO DI LUGANO SA,Bus Lugano,166,"4",Bus - Überland/Berg,2,"17:00 - 21:00"
370,WAB, Wengernalpbahn AG,Wengernalpbahn,165,"3",Bahn - Überland/Berg,1,"05:00 - 09:00"
371,SNL, SOCIETA' NAVIGAZIONE DEL LAGO DI LUGANO SA,Bus Lugano,159,"4",Bus - Überland/Berg,2,"21:00 - 01:00"
372,RhB, Rhätische Bahn AG  (RhB),Rhätische Bahn,158,"4",Bahn - Überland/Regionalverkehr,11,"17:00 - 21:00"
373,AAGL, Autobus AG Liestal Öffentlicher Verkehr,Bus Liestal,155,"1",Bus - Überland/Berg,5,"01:00 - 05:00"
374,MBC, Transports de la région Morges-Bière-Cossonay SA,Bahn MBC,153,"3",Bahn - Überland/Berg,1,"01:00 - 05:00"
375,ABl, Autolinee Bleniesi SA,Bus Bleniesi,146,"1",Bus - Überland/Berg,5,"17:00 - 21:00"
376,zb, zb Zentralbahn AG,Zentralbahn,138,"3",Bahn - Überland/Berg,7,"21:00 - 01:00"
377,AFA, Automobilverkehr Frutigen-Adelboden AG,Bus Frutigen,132,"1",Bus - Überland/Berg,6,"13:00 - 17:00"
378,BCS, Commune de Sion,Bus Sion,127,"1",Bus - Überland/Berg,4,"17:00 - 21:00"
379,AAGS, Auto AG Schwyz,Bus Schwyz,125,"1",Bus - Überland/Berg,5,"01:00 - 05:00"
380,MGB, Matterhorn Gotthard Verkehrs AG,Bahn Matterhorn,125,"3",Bahn - Überland/Berg,1,"01:00 - 05:00"
381,TPF, Transports publics fribourgeois SA,Bus Fribourg,124,"1",Bus - Überland/Berg,10,"01:00 - 05:00"
382,AAGL, Autobus AG Liestal Öffentlicher Verkehr,Bus Liestal,121,"1",Bus - Überland/Berg,6,"21:00 - 01:00"
383,WAB, Wengernalpbahn AG,Wengernalpbahn,118,"3",Bahn - Überland/Berg,1,"17:00 - 21:00"
384,BLWE, Genossenschaft Busbetrieb Lichtensteig-Wattwil-Ebn,Bus Wattwil,115,"1",Bus - Überland/Berg,1,"05:00 - 09:00"
385,BRER, O. Schneider AG,Bus Schneider,110,"1",Bus - Überland/Berg,3,"17:00 - 21:00"
386,ARL, Società Autolinee Regionali Luganesi,Bus Luganesi,108,"1",Bus - Überland/Berg,2,"01:00 - 05:00"
387,AOT, Autokurse Oberthurgau AG (AOT),Bus Oberthurgau,96,"1",Bus - Überland/Berg,2,"21:00 - 01:00"
388,BWS, Busbetriebe Bamert GmbH,Bus Bamert,96,"1",Bus - Überland/Berg,1,"09:00 - 13:00"
389,BLWE, Genossenschaft Busbetrieb Lichtensteig-Wattwil-Ebn,Bus Wattwil,94,"1",Bus - Überland/Berg,1,"09:00 - 13:00"
390,BVB, Basler Verkehrs-Betriebe,Basler Verkehrs,91,"2",Bus - Agglomeration,3,"01:00 - 05:00"
391,BWS, Busbetriebe Bamert GmbH,Bus Bamert,85,"1",Bus - Überland/Berg,1,"05:00 - 09:00"
392,FLP, Ferrovie Luganesi SA,Bahn Lugano,84,"4",Bahn - Überland/Regionalverkehr,1,"01:00 - 05:00"
393,VBSG, Stadt St. Gallen,Bus St.Gallen,84,"2",Bus - Agglomeration,6,"01:00 - 05:00"
394,AWA, Ortsgemeinde Amden,Bus Amden,79,"1",Bus - Überland/Berg,1,"05:00 - 09:00"
395,AWA, Ortsgemeinde Amden,Bus Amden,76,"1",Bus - Überland/Berg,1,"09:00 - 13:00"
396,RVBW, Regionale Verkehrsbetriebe Baden-Wettingen (RVBW) ,Bus Baden,76,"2",Bus - Agglomeration,2,"21:00 - 01:00"
397,TRAVYS, TRAVYS - Transports Vallée-de-Joux - Yverdon-les-B,Bus Yverdon,73,"1",Bus - Überland/Berg,3,"01:00 - 05:00"
398,BOB, Berner Oberland-Bahnen AG,Berner Oberbland,72,"3",Bahn - Überland/Berg,2,"21:00 - 01:00"
399,BWS, Busbetriebe Bamert GmbH,Bus Bamert,71,"1",Bus - Überland/Berg,1,"13:00 - 17:00"
400,VBZ, Stadt Zürich,Bus Zürich,71,"1",Bus - Überland/Berg,9,"01:00 - 05:00"
401,AWA, Ortsgemeinde Amden,Bus Amden,70,"1",Bus - Überland/Berg,1,"13:00 - 17:00"
402,SBG, SBG SüdbadenBus GmbH,Bus Südbaden,69,"1",Bus - Überland/Berg,1,"01:00 - 05:00"
403,WAB, Wengernalpbahn AG,Wengernalpbahn,67,"3",Bahn - Überland/Berg,1,"21:00 - 01:00"
404,TPN, TPN Transports publics de la Région Nyonnaise SA,Bus Nyon,60,"1",Bus - Überland/Berg,3,"01:00 - 05:00"
405,BWS, Busbetriebe Bamert GmbH,Bus Bamert,57,"1",Bus - Überland/Berg,1,"21:00 - 01:00"
406,SMC, Compagnie de Chemin de Fer et d'Autobus Sierre-Mon,Bahn Montana,55,"3",Bahn - Überland/Berg,2,"21:00 - 01:00"
407,BCS, Commune de Sion,Bus Sion,53,"1",Bus - Überland/Berg,4,"05:00 - 09:00"
408,AFA, Automobilverkehr Frutigen-Adelboden AG,Bus Frutigen,52,"1",Bus - Überland/Berg,5,"17:00 - 21:00"
409,BWS, Busbetriebe Bamert GmbH,Bus Bamert,52,"1",Bus - Überland/Berg,1,"17:00 - 21:00"
410,WAB, Wengernalpbahn AG,Wengernalpbahn,51,"3",Bahn - Überland/Berg,1,"01:00 - 05:00"
411,BLWE, Genossenschaft Busbetrieb Lichtensteig-Wattwil-Ebn,Bus Wattwil,50,"1",Bus - Überland/Berg,1,"13:00 - 17:00"
412,VZO, Verkehrsbetriebe Zürichsee und Oberland (VZO) AG,Bus Zürichsee,46,"2",Bus - Agglomeration,5,"01:00 - 05:00"
413,BRER, O. Schneider AG,Bus Schneider,45,"1",Bus - Überland/Berg,2,"21:00 - 01:00"
414,RhB, Rhätische Bahn AG  (RhB),Rhätische Bahn,45,"4",Bahn - Überland/Regionalverkehr,7,"21:00 - 01:00"
415,THURBO, Thurbo AG,Thurbo,45,"4",Bahn - Überland/Regionalverkehr,9,"01:00 - 05:00"
416,AAGU, AUTO AG URI,Bus Uri,43,"1",Bus - Überland/Berg,2,"01:00 - 05:00"
417,AMSA, Autolinea Mendrisiense SA,Bus Mendrisiense,43,"1",Bus - Überland/Berg,1,"01:00 - 05:00"
418,BLWE, Genossenschaft Busbetrieb Lichtensteig-Wattwil-Ebn,Bus Wattwil,39,"1",Bus - Überland/Berg,1,"17:00 - 21:00"
419,BLWE, Genossenschaft Busbetrieb Lichtensteig-Wattwil-Ebn,Bus Wattwil,39,"1",Bus - Überland/Berg,1,"21:00 - 01:00"
420,AWA, Ortsgemeinde Amden,Bus Amden,34,"1",Bus - Überland/Berg,1,"17:00 - 21:00"
421,VBG, VBG Verkehrsbetriebe Glattal AG,Bus Glattal,34,"1",Bus - Überland/Berg,5,"01:00 - 05:00"
422,ABl, Autolinee Bleniesi SA,Bus Bleniesi,33,"1",Bus - Überland/Berg,2,"21:00 - 01:00"
423,TRN, Transports Publics Neuchâtelois SA,Bus Neuchatel,33,"1",Bus - Überland/Berg,2,"01:00 - 05:00"
424,RA, REGIONALPS SA ,Regionalps,31,"4",Bahn - Überland/Regionalverkehr,2,"01:00 - 05:00"
425,NStCM, Compagnie du chemin de fer Nyon-St-Cergue-Morez SA,Bahn Waadt,22,"3",Bahn - Überland/Berg,1,"01:00 - 05:00"
426,AFA, Automobilverkehr Frutigen-Adelboden AG,Bus Frutigen,20,"1",Bus - Überland/Berg,2,"21:00 - 01:00"
427,AWA, Ortsgemeinde Amden,Bus Amden,19,"1",Bus - Überland/Berg,1,"21:00 - 01:00"
428,asm, Aare Seeland mobil AG,Bus Aare Seeland,19,"1",Bus - Überland/Berg,2,"01:00 - 05:00"
429,BLS, BLS AG,Bern-Lötschberg-Simplon-Bahn,18,"4",Bahn - Überland/Regionalverkehr,6,"01:00 - 05:00"
430,TMR, TMR Transports de Martigny et Régions SA,Bus Wallis,18,"1",Bus - Überland/Berg,1,"01:00 - 05:00"
431,AVA, Aargau Verkehr AG,Bus Aargau,16,"1",Bus - Überland/Berg,3,"01:00 - 05:00"
432,BCS, Commune de Sion,Bus Sion,16,"1",Bus - Überland/Berg,1,"21:00 - 01:00"
433,SVB, Städtische Verkehrsbetriebe Bern (SVB),Bernmobil,14,"2",Bus - Agglomeration,7,"01:00 - 05:00"
434,BOB, Berner Oberland-Bahnen AG,Berner Oberbland,13,"3",Bahn - Überland/Berg,2,"01:00 - 05:00"
435,VB, Verkehrsbetriebe Biel,Bus Biel,13,"1",Bus - Überland/Berg,1,"01:00 - 05:00"
436,BuS, Bus und Service AG,BuS AG,12,"1",Bus - Überland/Berg,1,"01:00 - 05:00"
437,FART, Società per le Ferrovie Autolinee Regionali Ticine,Bus Tessin,12,"1",Bus - Überland/Berg,4,"01:00 - 05:00"
438,RhB, Rhätische Bahn AG  (RhB),Rhätische Bahn,12,"4",Bahn - Überland/Regionalverkehr,4,"01:00 - 05:00"
439,BOGG, Busbetrieb Olten Gösgen Gäu AG,Bus Olten,11,"2",Bus - Agglomeration,1,"01:00 - 05:00"
440,RBL, Regionalbus Lenzburg AG,Bus Lenzburg,11,"1",Bus - Überland/Berg,1,"01:00 - 05:00"
441,SOB, Schweizerische Südostbahn AG,Südostbahn,11,"4",Bahn - Überland/Regionalverkehr,3,"01:00 - 05:00"
442,SZU, Sihltal Zürich Uetliberg Bahn SZU AG,Bahn Sihltal,11,"1",Bus - Überland/Berg,1,"01:00 - 05:00"
443,REGO, Regiobus (St. Gallen),Regiobus St. Gallen,10,"1",Bus - Überland/Berg,1,"01:00 - 05:00"
444,TPC, Transports Publics du Chablais SA,Bus Chablais ,10,"1",Bus - Überland/Berg,1,"01:00 - 05:00"
445,zb, zb Zentralbahn AG,Zentralbahn,10,"3",Bahn - Überland/Berg,1,"01:00 - 05:00"
446,RVBW, Regionale Verkehrsbetriebe Baden-Wettingen (RVBW) ,Bus Baden,8,"2",Bus - Agglomeration,2,"01:00 - 05:00"
447,AOT, Autokurse Oberthurgau AG (AOT),Bus Oberthurgau,7,"1",Bus - Überland/Berg,1,"01:00 - 05:00"
448,LLB, Société anonyme des transports publics de Loèche-l,Bus Leuk,7,"1",Bus - Überland/Berg,1,"21:00 - 01:00"
449,ZVB, Zugerland Verkehrsbetriebe AG,Bus Zug,7,"1",Bus - Überland/Berg,1,"01:00 - 05:00"
450,BLWE, Genossenschaft Busbetrieb Lichtensteig-Wattwil-Ebn,Bus Wattwil,5,"1",Bus - Überland/Berg,1,"01:00 - 05:00"
451,AAGR, Auto AG Rothenburg,Bus Rothenburg,4,"2",Bus - Agglomeration,2,"01:00 - 05:00"
452,ARAG, Rottal Auto AG,Bus Rottal,2,"1",Bus - Überland/Berg,2,"01:00 - 05:00"
453,BBA, Busbetrieb Aarau AG (BBA),Bus Aarau,2,"2",Bus - Agglomeration,1,"01:00 - 05:00"
454,BRER, O. Schneider AG,Bus Schneider,2,"1",Bus - Überland/Berg,1,"01:00 - 05:00"
455,RBS, Regionalverkehr Bern-Solothurn AG,Regionalverkehr Bern-Solothurn,2,"2",Bus - Agglomeration,1,"01:00 - 05:00"
456,STI, STI Bus AG,Verkehrsbetriebe Steffisburg-Thun-Interlaken,2,"1",Bus - Überland/Berg,1,"01:00 - 05:00"
457,SBW, Stadt Winterthur,Bus Winterthur,1,"1",Bus - Überland/Berg,1,"01:00 - 05:00"
